-- phpMyAdmin SQL Dump
-- version 5.1.0
-- https://www.phpmyadmin.net/
--
-- Host: 127.0.0.1
-- Generation Time: Mar 30, 2022 at 07:25 AM
-- Server version: 10.4.19-MariaDB
-- PHP Version: 7.4.19

SET SQL_MODE = "NO_AUTO_VALUE_ON_ZERO";
START TRANSACTION;
SET time_zone = "+00:00";


/*!40101 SET @OLD_CHARACTER_SET_CLIENT=@@CHARACTER_SET_CLIENT */;
/*!40101 SET @OLD_CHARACTER_SET_RESULTS=@@CHARACTER_SET_RESULTS */;
/*!40101 SET @OLD_COLLATION_CONNECTION=@@COLLATION_CONNECTION */;
/*!40101 SET NAMES utf8mb4 */;

--
-- Database: `lk`
--

-- --------------------------------------------------------

--
-- Table structure for table `autentifikasi`
--

CREATE TABLE `autentifikasi` (
  `username` varchar(20) NOT NULL,
  `password` text NOT NULL,
  `niplama` varchar(9) NOT NULL,
  `id_level` char(1) NOT NULL,
  `id_jafung` int(11) DEFAULT NULL
) ENGINE=InnoDB DEFAULT CHARSET=latin1;

--
-- Dumping data for table `autentifikasi`
--

INSERT INTO `autentifikasi` (`username`, `password`, `niplama`, `id_level`, `id_jafung`) VALUES
('ridha.asih', '34be223dc1642c99d857fbe19a28c4dd', '059999999', '4', NULL),
('dwi.roswita', 'f3da1e96a5b5113b25cec0f2c18a04cc', '132305667', '4', NULL),
('suwarsih', 'e10adc3949ba59abbe56e057f20f883e', '340006852', '4', NULL),
('syahruni', 'e10adc3949ba59abbe56e057f20f883e', '340007898', '2', NULL),
('wagiman3', '560f2edd6dec9cd785cf389a456d540d', '340009425', '3', NULL),
('sundusin', 'f5050695024a613d0fe0aef8ed506dd0', '340009578', '4', NULL),
('sofyan', 'a43ea2f3c29ef3423c48d633d1a1909d', '340010465', '3', NULL),
('triutomo', '1166f296f8af079d14136fea08faad17', '340010467', '4', NULL),
('ahmat', 'e10adc3949ba59abbe56e057f20f883e', '340010774', '3', NULL),
('hardi', 'f004a972baece4266cdba0ad5c71a5f9', '340010775', '4', NULL),
('dwisuparman', 'ec47e53b17f9cb7c8e299d88ea40e249', '340010846', '4', NULL),
('anggoro', '5e44d321ad90f6d2567971f9fb38f6ee', '340010903', '1', NULL),
('haryono3', '1d977bc35d8c7a59d1e404aa29e539dd', '340010911', '4', NULL),
('saiful.yazan', '3d1333fd24d24560ee7342c48c3fa64b', '340010912', '4', NULL),
('agung', '944a0320014378a649117412f3409c03', '340011394', '2', NULL),
('jaya', 'ce9689abdeab50b5bee3b56c7aadee27', '340011395', '4', NULL),
('anang.masrani', 'e10adc3949ba59abbe56e057f20f883e', '340011396', '4', NULL),
('basran', 'e10adc3949ba59abbe56e057f20f883e', '340011398', '2', NULL),
('sholihuddin', '2ca7138f24b679727e2da6e5dccdaca2', '340011470', '3', NULL),
('solihat', 'd0457256b31c4b4c27a61d683730ec2e', '340011474', '4', NULL),
('imbran', '6c2097dcc22f875cf31f88cf549a8e22', '340011477', '3', NULL),
('gandi', '577efa5b9518fab777a6db64881c1e9d', '340011540', '2', NULL),
('emy.issudi', 'a2f96f053c711d4824a45924da02b55a', '340011550', '4', NULL),
('hotbel', '8a298d06182e1461ff9c7f3f41c7b27b', '340011571', '2', NULL),
('budisusilo', 'fc1d6550047af2925eff097ca8778e76', '340011578', '3', NULL),
('edisons', 'a3b26fffe49dc0f91fff51cedd8dfbbe', '340011786', '3', NULL),
('enanto', 'e10adc3949ba59abbe56e057f20f883e', '340011888', '3', NULL),
('supriyanto4', '6503ac1b5d985136cd8bd1f34e1a59c0', '340012044', '3', NULL),
('sarguno', '76a25072668ed493f9234107e2220415', '340012092', '4', NULL),
('asmuni', 'e10adc3949ba59abbe56e057f20f883e', '340012093', '4', NULL),
('siswanto4', 'e21367353e9fdba67a6fea1178970213', '340012369', '3', NULL),
('darussalam2', 'e66a2ddc2edc186a91bef37d8350661c', '340012434', '4', NULL),
('jaini', '9b57cd99d6276ff1c99dce716874e11e', '340012435', '4', NULL),
('rusdiansyah', '3f7dba155735a57c3a9c86627078bae6', '340012438', '4', NULL),
('fadlan2', 'c4d7f10cf34ea5f22fe205ad236003cf', '340012466', '4', NULL),
('achmad', 'e590ad4b83ac97f84569825e8f00c730', '340012602', '2', NULL),
('gunadi', 'f73fbdd8692c60af9f48a87c40376868', '340012603', '2', NULL),
('yuda', 'e10adc3949ba59abbe56e057f20f883e', '340012809', '2', NULL),
('lili', '84af31a04b76f0ead4147edbfebb8009', '340012813', '3', NULL),
('mahdalena', '9e0a80b1d59525c65284fff6bc95abff', '340012814', '4', NULL),
('nur.eksan', '5f3461bb7c96f76388e10cd8e6cec170', '340012815', '4', NULL),
('roosmawati', 'e10adc3949ba59abbe56e057f20f883e', '340012875', '2', NULL),
('akh.junaidi', 'dccc13e0995af2969c42e36fd1908e0d', '340012911', '2', NULL),
('miswanto', 'e817aeadf9092dc01717f8c9d0ca7dd6', '340012952', '4', NULL),
('sissugianto', '8788c17e03514c8ad2819ae69d726642', '340013135', '2', NULL),
('bahramsyah', 'cbe9fde5f124c1a3a61b08f8781a8d5d', '340013158', '2', NULL),
('waryono', '6b3df3622b000ce1d85cd7f5b4272667', '340013364', '2', NULL),
('sitifarisyah', 'e10adc3949ba59abbe56e057f20f883e', '340013516', '2', NULL),
('lilis', 'b4c7848b06d83bbca966b1fd05cfabf8', '340013532', '3', NULL),
('wahid', '981a3bdefa06565e6ea5d46b07603329', '340013574', '2', NULL),
('lutfi', 'e10adc3949ba59abbe56e057f20f883e', '340013643', '3', NULL),
('rudy', '514f1b439f404f86f77090fa9edc96ce', '340013802', '2', NULL),
('cahyono', 'e10adc3949ba59abbe56e057f20f883e', '340014073', '4', NULL),
('sunardi4', 'd77d303ce992162f3ff697229861d2de', '340014077', '3', NULL),
('salamah', '940cf5a59c333477a72bcd0b254ac670', '340014078', '3', NULL),
('sudarmaji', 'e10adc3949ba59abbe56e057f20f883e', '340014080', '4', NULL),
('heruachmadi', 'e10adc3949ba59abbe56e057f20f883e', '340014081', '4', NULL),
('mursinah', 'e10adc3949ba59abbe56e057f20f883e', '340014082', '3', NULL),
('imam', 'ac4adc7ff9b6da6ca3730ab61d037977', '340014083', '2', NULL),
('asfi', 'e10adc3949ba59abbe56e057f20f883e', '340014084', '3', NULL),
('vivi', 'e10adc3949ba59abbe56e057f20f883e', '340014122', '2', NULL),
('yasid', 'ab633fad5f6539709ffe5b635b2b45c3', '340014124', '2', NULL),
('much.yusuf', '1b75df65229ce6db03fba0eaa424f943', '340014232', '3', NULL),
('muhammadfauzi', 'da4f7cddda97eb9bd78705e0abb440c5', '340014409', '3', NULL),
('emmy', 'e10adc3949ba59abbe56e057f20f883e', '340014472', '3', NULL),
('sudjimin', '7ccbd57a70f7afbcccb20616acf1c5fb', '340014895', '3', NULL),
('rusdi', '652d3266220e0aacb047d3aa6f51f1b0', '340015251', '4', NULL),
('wembri', 'c8deae5558941a88c859bd5172f578d7', '340015312', '2', NULL),
('yusniar', 'e10adc3949ba59abbe56e057f20f883e', '340015323', '2', NULL),
('marinda', 'e10adc3949ba59abbe56e057f20f883e', '340015393', '2', NULL),
('khairil', '439ced71514dfed95dd18e49bd1e1aa0', '340015395', '4', NULL),
('arifatus', 'e10adc3949ba59abbe56e057f20f883e', '340015540', '4', NULL),
('suriya', '1e1ea10a0e2c8a41dfffb441348cc737', '340015609', '3', NULL),
('harianto4', 'e10adc3949ba59abbe56e057f20f883e', '340015610', '4', NULL),
('khuzaini', 'e10adc3949ba59abbe56e057f20f883e', '340015646', '3', NULL),
('rudi.sutrisno', '059182c9587ee4fe9d0cac3124c8c224', '340015647', '4', NULL),
('ariyanti', '23deb09c91a4d319f9f5b3b65eff2bcf', '340015767', '3', NULL),
('petrusbalisa', '89f2d78da2b338d99c693f071221c594', '340015835', '3', NULL),
('syahrir', '2c2c82a9b39b0b7288d853c47c2f0483', '340015846', '4', NULL),
('agussetyawan', '827ccb0eea8a706c4c34a16891f84e7b', '340015887', '3', NULL),
('oemar', '761ff7a93b7b6e5f0c970b9c191fe026', '340016013', '3', NULL),
('apratiwi', '2fcac166d0b6132d51f7691973ab16fd', '340016015', '4', NULL),
('yudi.wahyudin', 'f9d3b42773c4c25e52117d5b9473b2c4', '340016016', '3', NULL),
('titik', 'e10adc3949ba59abbe56e057f20f883e', '340016146', '3', NULL),
('mustaqim', '881aff261333ddd87f37e4c6d07b47f9', '340016185', '2', NULL),
('muryanto', 'b125ed527a0ebcab5207edcc96ce97b8', '340016201', '3', NULL),
('indri', '8ddac26bb614e4c4908bdbf76bef5c65', '340016213', '3', NULL),
('widiyantono', 'e10adc3949ba59abbe56e057f20f883e', '340016225', '2', NULL),
('aida', '2991a6ba1f1420168809c49ed39dba8b', '340016359', '4', NULL),
('bayu.ap', '090554ca4372435aa07551f26082767e', '340016513', '2', NULL),
('maibu', '897b5bfad507f4174958e71978cccbca', '340016514', '2', NULL),
('anang', '323b7a32eb6e03fb2435a8bb442b86d5', '340016516', '3', NULL),
('hastuti_rahmah', '3d36ff424d25b500097d86ad9d837e34', '340016621', '4', NULL),
('ritasalamah', 'd1d2e5a8c953c7a47fbdb12fc98fe055', '340016622', '3', NULL),
('arian', '5d3660a6521f51b146ee2820a5cab937', '340016787', '4', NULL),
('rudiansyah2', '2c660b1ef0e16b423d449032752153ea', '340016857', '4', NULL),
('ali', 'c20de7b550defc577d263a587cd8f6e2', '340016859', '4', NULL),
('dwiek', '2b7a6277109d25db4f53fdc644b9d129', '340016860', '3', NULL),
('samsidar', 'e10adc3949ba59abbe56e057f20f883e', '340016861', '4', NULL),
('eryyandamd', 'e10adc3949ba59abbe56e057f20f883e', '340016863', '4', NULL),
('b.luhung', 'e10adc3949ba59abbe56e057f20f883e', '340016919', '4', NULL),
('syaiful.anwar', 'e10adc3949ba59abbe56e057f20f883e', '340016920', '3', NULL),
('siswanita', '3b24a9c515fdf335df7aae973c2d9c10', '340016930', '3', NULL),
('n.istiqomah', '6be4af4f227e9dd45a12e3db171c9b6f', '340017017', '3', NULL),
('lita', '49412fd636fd83443f647ac65665c1d8', '340017022', '3', NULL),
('slamet', 'e10adc3949ba59abbe56e057f20f883e', '340017023', '2', NULL),
('rangga', 'e10adc3949ba59abbe56e057f20f883e', '340017024', '3', NULL),
('hambali.achmad', 'e10adc3949ba59abbe56e057f20f883e', '340017192', '3', NULL),
('muhammadzubair', 'da77deffb04c842bf1a6ef7bcb9d602d', '340017194', '4', NULL),
('aisyahr', '78b32c44481a35438a71d8e048e6f66a', '340017196', '4', NULL),
('ika.ayu', '0002a2381e617e1bc32b7356b8de7f56', '340017342', '3', NULL),
('arisusilo', '5d3660a6521f51b146ee2820a5cab937', '340017652', '3', NULL),
('laily', '052394e4f11273a619a0c3ae5ab6714a', '340017662', '4', NULL),
('dwipras', 'f09f55be9066bbf7af70cb14a9b3d0cf', '340017663', '3', NULL),
('rudymarpa', 'e10adc3949ba59abbe56e057f20f883e', '340017664', '4', NULL),
('bronson', 'e10adc3949ba59abbe56e057f20f883e', '340017677', '3', NULL),
('annam', '232d3b5d0779786f53d8be9bfe18f80e', '340017744', '4', NULL),
('nizarkarim', '9b8d75ff74e4262d80cfb6a88fd020df', '340017848', '4', NULL),
('rizqi', 'e10adc3949ba59abbe56e057f20f883e', '340017850', '4', NULL),
('syahril', '404b8d87f7d21fd340d98cbe9a1865c6', '340017907', '3', NULL),
('juli.ys', 'e10adc3949ba59abbe56e057f20f883e', '340017989', '4', NULL),
('harwina', '44dfa17aeb8018d7c7e689d6f572ea4e', '340018151', '4', NULL),
('siska', 'e10adc3949ba59abbe56e057f20f883e', '340018326', '4', NULL),
('abdissubhan', 'e10adc3949ba59abbe56e057f20f883e', '340018429', '4', NULL),
('intan_kusuma', 'a67ad70f1df914314d84423c59856267', '340018430', '3', NULL),
('agus', 'e10adc3949ba59abbe56e057f20f883e', '340018431', '4', NULL),
('budikurniawan', 'dd281b2158255197af3d30c8994ab3e7', '340018433', '4', NULL),
('cmdtrobot', 'f5f5d74f9772e3a454255b4d3686bb26', '340018434', '4', NULL),
('titin', '15a46450f8aed8d710cb11a0a1bef196', '340018436', '4', NULL),
('fathul', 'f1f6489a5281f518e9809e0bb3ef7830', '340018440', '3', NULL),
('susanto.agus', '054a437b4050186040277b4a7c2d6bca', '340018442', '4', NULL),
('kanthi', '7a642938c1789a924bf16eff6b47749c', '340018443', '4', NULL),
('norlatifah', '6fe47e9345f74ae5dcc1aaf73b9bd4d2', '340018444', '3', NULL),
('rabiatul', 'da85d46ef81d1d0184fcf3f3f9d24ca1', '340018445', '3', NULL),
('maisa.ariani', 'a0a2d40c88c949144f6c84ff0e1b3434', '340018552', '4', NULL),
('cahyo', 'e10adc3949ba59abbe56e057f20f883e', '340018553', '4', NULL),
('rahayu', 'c6e515af5a6de23c1c258be31fca01c8', '340018555', '4', NULL),
('ekodwis', '1681e86d7a35d834fa664c9fce74255d', '340018556', '4', NULL),
('herm', '6f14be878d49ee5729bd6d99866a23ba', '340018945', '4', NULL),
('sabekti', 'dbc81f1155fa0cb53c0a39f8100c2c51', '340018983', '4', NULL),
('feriansyah', '313c04068ad3e18649a4b6ab3fc55181', '340019096', '4', NULL),
('novana', '4da912c441d6b2b4acbb8df37dd330d1', '340019207', '3', NULL),
('ilham2', 'e2dcd769aa6dfe845d894758d7421fcd', '340019502', '4', NULL),
('kusniwati', 'e10adc3949ba59abbe56e057f20f883e', '340019600', '4', NULL),
('hamsyah', '88e20d637c3849ec3bcc73cc7b03de1f', '340019714', '4', NULL),
('mustakimta', '8f5a422cad9ef8af9b15ffa3b1a7fe88', '340019715', '4', NULL),
('o.ingai', 'e10adc3949ba59abbe56e057f20f883e', '340019716', '4', NULL),
('barata', '6d7301d69994e462da522642d395d2e8', '340019747', '4', NULL),
('denok', 'be0c93855d6100999dccf798da2ed142', '340019767', '4', NULL),
('julia', '1dc1316876acc43f37dbcc901548c665', '340019846', '4', NULL),
('ely', '487f3ba54ebe6bd564f333870902437d', '340019959', '3', NULL),
('ucik', '4067457b3a75ecc70c3c53ae8de3fc96', '340020179', '4', NULL),
('noviarabiul', '1dd9fccc448a69a09979f634623eb827', '340020189', '4', NULL),
('murni', 'e10adc3949ba59abbe56e057f20f883e', '340020190', '4', NULL),
('hendrobudiyono', 'b88f9699556bf7f6461c6e2e6d2b50b5', '340020191', '4', NULL),
('debi', 'ef6f35f88805eaf48a1e9e3a73d78644', '340020192', '3', NULL),
('triana_kurnia', 'a5e4f1a8ef3172c068bebfe3d02ed463', '340020193', '3', NULL),
('aminsanikertiyasa', 'e10adc3949ba59abbe56e057f20f883e', '340020197', '3', NULL),
('deviharnia', '8c9b039ed3a94c5999e2cda2befe5b97', '340020198', '4', NULL),
('aminah', '90b74c589f46e8f3a484082d659308bd', '340020269', '4', NULL),
('arnimangiri', 'cf3df4699ebbf7ad19719cf65e7129e3', '340020272', '4', NULL),
('nunox', '8072a7043b525c2c2e9908e21a3fa847', '340020312', '3', NULL),
('deppi', 'e10adc3949ba59abbe56e057f20f883e', '340020353', '3', NULL),
('valve', '7918ed465274bbcc8ba02b338e849023', '340020360', '4', NULL),
('mambaus', 'c5df9d26836f419489a49459fccc7dd2', '340020363', '3', NULL),
('muhammadazhar', 'd8c23e96a4bccc1bf3068c91040cd6de', '340020419', '4', NULL),
('gita_lestari', 'd69453f8a5ebe72c6e7030f8f957d271', '340050103', '3', NULL),
('arifullah', '02e853c6f6009a49ff0bcd8a15085974', '340050179', '3', NULL),
('noviana.rejeki', '193e4f49fcf26773da76b992c2700d24', '340050182', '4', NULL),
('rizka.maulina', '22186e222641d776ab73a7d9b4a3c730', '340050229', '3', NULL),
('tamami', 'e10adc3949ba59abbe56e057f20f883e', '340050254', '4', NULL),
('eka', 'e10adc3949ba59abbe56e057f20f883e', '340051102', '4', NULL),
('alhuda', 'e10adc3949ba59abbe56e057f20f883e', '340051190', '3', NULL),
('ninik', 'eda103644e43143d1d04b514cf756fb1', '340051245', '4', NULL),
('mastotok', '6f0193cec743d209f04845041b96e322', '340052303', '4', NULL),
('ditaf', 'd021346512e60557e392cee38794445c', '340053321', '4', NULL),
('elok.nugraheni', 'ec5cb37c22c03ea96b5b72b5d3c74782', '340053322', '3', NULL),
('ajengfitri', 'feb5f7236c5ccc6178000db41cf43339', '340053823', '4', NULL),
('aprilyamiranda', '64c799e89d2dde422b8adba809a1b21d', '340053824', '4', NULL),
('ayub2', 'a717452097f1b4ede2e868ac2f22f1aa', '340053825', '4', NULL),
('dewipuspitaningsih', 'e10adc3949ba59abbe56e057f20f883e', '340053827', '4', NULL),
('eka_mulyani', '43f183cbeed0529a5fc2bafa584e0389', '340053828', '4', NULL),
('ericismail', 'e10adc3949ba59abbe56e057f20f883e', '340053829', '3', NULL),
('hairuddin', '32893d8225286b876485b79764af6466', '340053830', '3', NULL),
('hari', 'e10adc3949ba59abbe56e057f20f883e', '340053831', '3', NULL),
('m.ekos', 'e10adc3949ba59abbe56e057f20f883e', '340053832', '4', NULL),
('maulana.mh', '523effaff2bc888fb3758f87d290dc46', '340053833', '3', NULL),
('melindawati', '42ed204a2ec866f95e63fa2b81a2e3ee', '340053834', '3', NULL),
('metha', 'e702532c7eb8fef63b9876e9b3975180', '340053835', '4', NULL),
('mosyariani', 'e10adc3949ba59abbe56e057f20f883e', '340053836', '4', NULL),
('yamin.muhamad', 'e10adc3949ba59abbe56e057f20f883e', '340053837', '4', NULL),
('norhaini', '432d34e32d071b57f548b59cd83c2b69', '340053838', '4', NULL),
('rani.ruslan', '658793aab8411dba29b345adad048bc9', '340053840', '3', NULL),
('rike', '1d57952a5dfbe3b416b4e5d52eddb52b', '340053842', '4', NULL),
('romyan.siahaya', '5b9b18adb8c8e8fa2ec552ce75b6fac9', '340053843', '4', NULL),
('salman', '879963f117d3282fe2bd6027c45767c1', '340053844', '4', NULL),
('sevrien', 'e10adc3949ba59abbe56e057f20f883e', '340053845', '3', NULL),
('rostiana', '50f57cccb269d668e4f1efc253d22402', '340054061', '4', NULL),
('khumairotus', 'e10adc3949ba59abbe56e057f20f883e', '340054222', '4', NULL),
('nova.harahap', '8a289cfaf2a4d8ed1969e7b2ca89e07e', '340054261', '4', NULL),
('ahusaini', 'e10adc3949ba59abbe56e057f20f883e', '340055357', '4', NULL),
('ardiansyah', '67828759c3e2eefe362f296dfe71ec6c', '340055359', '3', NULL),
('arie', 'db76becac4ca1a766a3d61a35ac47149', '340055360', '4', NULL),
('arifyogi', '5253c1182d5698461c7eb7ce0a32de90', '340055361', '4', NULL),
('asna', 'e10adc3949ba59abbe56e057f20f883e', '340055362', '4', NULL),
('christin', 'b5d4e1d845f201d26ba34a25840806eb', '340055363', '4', NULL),
('dwicahyoaribowo', '748639095efbf8dd2cb0902bfcc7924c', '340055365', '4', NULL),
('etyseptiani', '5d04c8438716ec69d736fd87be0b1ec2', '340055368', '4', NULL),
('evi.actric', '9f0dc3c77c6e7b1942b432e36c8d5718', '340055369', '4', NULL),
('fauziah2', 'c274e6afd82aee8bf93376157feb11a5', '340055370', '4', NULL),
('fiki', '81dc9bdb52d04dc20036dbd8313ed055', '340055371', '4', NULL),
('fitriyadi', '3f78e67184d691ca06e694403ddb6cf5', '340055372', '4', NULL),
('leo.sinaga', '20fd119696cb39ab965d6709296da6f5', '340055373', '4', NULL),
('margareta', 'd751ae3e2bd0109999dd593a778635b2', '340055374', '4', NULL),
('meylan.panjaitan', 'd231279a60e998b8d602228aecb19f98', '340055375', '4', NULL),
('mirawa', '7bcdcad7acb5fc9d031e4be8dcc8f2e2', '340055376', '4', NULL),
('muammar', 'cad9505ebb03841f1082e8b9eafe8cfb', '340055377', '4', NULL),
('mujio', 'e10adc3949ba59abbe56e057f20f883e', '340055378', '3', NULL),
('musliadi', '6a25a0c614ed5668f4c6ee43b14c424e', '340055379', '4', NULL),
('risnemanalu', 'e10adc3949ba59abbe56e057f20f883e', '340055380', '4', NULL),
('puspitasari', '13fd16c1e5b03fac6008971989744506', '340055381', '4', NULL),
('rijani', '4bf325a26d7e32b46af0102103f2a0dd', '340055383', '4', NULL),
('risa', '735c9c3675eaba16bfbec5913174067e', '340055384', '4', NULL),
('rully.amrullah', 'f7b5c6f02af9525a7fee5454aa27a62a', '340055385', '4', NULL),
('seno.mw', 'e10adc3949ba59abbe56e057f20f883e', '340055386', '4', NULL),
('ida', 'e10adc3949ba59abbe56e057f20f883e', '340055387', '4', NULL),
('syafruddin2', 'eed012c1cfa69484556f0746d97abfba', '340055388', '4', NULL),
('ekafirma', '3e9892e8dbfaf49c35bd8c076d599362', '340055389', '3', NULL),
('yulianirahman', 'c33367701511b4f6020ec61ded352059', '340055390', '4', NULL),
('ince.hadi', 'a4c190c29cf44f4471f44d7ee4a4fe70', '340055536', '4', NULL),
('nandasekar', '517b45c6075a42698e17aefb5fed8eb2', '340055856', '4', NULL),
('arif', 'e10adc3949ba59abbe56e057f20f883e', '340056121', '4', NULL),
('oky', '374d8e226aba154690990c9078dedea7', '340056122', '3', NULL),
('dewinta.nur', 'd458e1fb508589a9dbe6a7951669f94d', '340056123', '4', NULL),
('dodi.raharjo', '9e95cd58460f0b820ee1cd0963743d8e', '340056124', '3', NULL),
('kiki', 'e10adc3949ba59abbe56e057f20f883e', '340056126', '3', NULL),
('meliya', 'e9dbc1dce10bf03fc67d0fece7298aaf', '340056127', '4', NULL),
('siswandi4', '266a751caff9680ecabeb8b81a348ee6', '340056129', '4', NULL),
('salam', 'e10adc3949ba59abbe56e057f20f883e', '340056190', '4', NULL),
('fadila', 'e10adc3949ba59abbe56e057f20f883e', '340056275', '4', NULL),
('ika', '7965c82127bd8517d2495e8efb12702c', '340056316', '4', NULL),
('indah', '2e95185823298a28672b5323436a9774', '340056319', '4', NULL),
('jamiatul', '1c1a94cb725e2271925b8abc1936a899', '340056329', '4', NULL),
('loveandre', 'bbd70110fedd87c7946152e268afe0e4', '340056346', '3', NULL),
('marfuah', 'e10adc3949ba59abbe56e057f20f883e', '340056355', '4', NULL),
('muniaga', 'd6f4ee7ba2eded3cca2287a401149cdc', '340056375', '4', NULL),
('rani.k', '551f81255a5fa07138efd25562a88ae5', '340056410', '4', NULL),
('ria', 'e10adc3949ba59abbe56e057f20f883e', '340056420', '4', NULL),
('salsi', 'e10adc3949ba59abbe56e057f20f883e', '340056442', '4', NULL),
('kurnia.ws', 'e10adc3949ba59abbe56e057f20f883e', '340056667', '3', NULL),
('nindyaputri', '62f1d72a803d92447f345e82a0826445', '340056685', '4', NULL),
('yudhasi', 'bdd83f1516281fd91d9805548f1f0221', '340056719', '3', NULL),
('nella.indriani', 'eceade581cb3d82d0f8e469cca30be78', '340056741', '4', NULL),
('maspupah', '9db95d76d4755c9e12e63e57225b498e', '340056855', '3', NULL),
('ilham', 'b63d204bf086017e34d8bd27ab969f28', '340056962', '4', NULL),
('hergias.widi', '471fafbb1280fa9f5146732fe743585b', '340057085', '4', NULL),
('megasafira', '7540334ad3b19df3e1c1811f1f9a4a35', '340057129', '3', NULL),
('syahrul', '3a5a421220e34a059e88b1949a255fc3', '340057134', '4', NULL),
('nindia', '37837f3bfcee0b0041524a3771c575dc', '340057163', '4', NULL),
('pipit', '5c40ee0ae05c339a9f8502d29a49541d', '340057178', '4', NULL),
('shindy.nilasari', '5fb5a1b653d917feb22addc6f53310cd', '340057207', '4', NULL),
('akbar', 'ec7a74b23073aa0a63e3bec1e7afb6f5', '340057271', '4', NULL),
('akhmad.zulkarnain', '4139dcb3f3f0a723768ea35e4b5f3a11', '340057273', '4', NULL),
('sari', 'e9ee75b57bb1303190c8869621cad05b', '340057276', '4', NULL),
('annisa.yuli', '2848064bd2d77bd1b3ddf566e6790b15', '340057292', '4', NULL),
('aviv.alvian', '445f6b76535e533be0bc220dad8b221b', '340057309', '4', NULL),
('fanny', 'a871ee4d62a421976031c9145c705bdd', '340057333', '4', NULL),
('dewipuspita', 'd1020a673e6bdfc312961e0b86a2be55', '340057340', '4', NULL),
('fania.pratiwi', 'f2a65d92d9b8e7d8422af7fadc6dfcc1', '340057377', '4', NULL),
('friska', 'e10adc3949ba59abbe56e057f20f883e', '340057392', '4', NULL),
('haidir', 'e10adc3949ba59abbe56e057f20f883e', '340057400', '4', NULL),
('idrus.efendy', '3aaae4c2221ec51e7edf164e8814b000', '340057424', '4', NULL),
('imansy', 'd8a325d9d3936360d1ee3a88ae929bb4', '340057427', '4', NULL),
('indah.safrida', 'f254f021a5fd42fb0bb8c07f9d929b8a', '340057428', '4', NULL),
('leila', '81d5fbaddfe207697c9f1e6436dfbc40', '340057462', '4', NULL),
('maryama.yuyinatun', 'b784464128d696692596c9b019fd4e9d', '340057479', '4', NULL),
('mega.thursina', 'e10adc3949ba59abbe56e057f20f883e', '340057481', '4', NULL),
('miftahul.jannah', 'e10adc3949ba59abbe56e057f20f883e', '340057486', '3', NULL),
('monalisa', 'e10adc3949ba59abbe56e057f20f883e', '340057492', '4', NULL),
('nurine.kristy', '0d6fda73e4f2d0cc87ae6c1b5cf35748', '340057529', '4', NULL),
('sintadewi', '4124520085684e7b430efb4469b38f4f', '340057531', '4', NULL),
('prima.tahapary', 'ccd413c146d9ec4df58439c0410f732c', '340057536', '4', NULL),
('rezaneri.noer', '71b43770edcdeccd5183b419c705b92a', '340057554', '4', NULL),
('risna.yuliani', 'a3086a62963e09934e93202e358c95ed', '340057561', '4', NULL),
('rizky.nugraheni', '240f3e144b753cb6de3dfa854f814ef8', '340057568', '4', NULL),
('siti', 'e10adc3949ba59abbe56e057f20f883e', '340057597', '4', NULL),
('srisundari', 'e10adc3949ba59abbe56e057f20f883e', '340057601', '4', NULL),
('stephani.magdhalena', '9bde5313717797c30db989aafbd41aa6', '340057602', '4', NULL),
('sundari', 'e10adc3949ba59abbe56e057f20f883e', '340057606', '4', NULL),
('tiya.mitasari', '4e89e294d55edb7254518c1f76b55822', '340057620', '4', NULL),
('toto.surya', 'e10adc3949ba59abbe56e057f20f883e', '340057622', '3', NULL),
('uci.yumanda', 'f65ea10b55a95bb61833f5844b87c6ce', '340057628', '3', NULL),
('shery.mardiyah', 'd8c0ad76b6ce6bf1581da0a87b4b0002', '340057674', '4', NULL),
('ade.nurhidayah', '888e931d6360ee143df0d552f955299a', '340057750', '4', NULL),
('cahyo.wibowo', 'e10adc3949ba59abbe56e057f20f883e', '340057864', '4', NULL),
('didit', 'b54158bd2d60aa56125ff181a32fb1d0', '340057865', '4', NULL),
('fildzah.qisthina', 'e10adc3949ba59abbe56e057f20f883e', '340057867', '4', NULL),
('markus.malau', 'e10adc3949ba59abbe56e057f20f883e', '340057869', '4', NULL),
('alam', 'e10adc3949ba59abbe56e057f20f883e', '340057870', '4', NULL),
('rizki.maharsa', '68bbf9f17a1ea1a9194c1ef81535130c', '340057872', '4', NULL),
('shafira.murni', '5dd6a76538c973219a87864b2599d450', '340057873', '4', NULL),
('ukhti.setyaningrum', 'e10adc3949ba59abbe56e057f20f883e', '340057874', '4', NULL),
('yeni', 'e10adc3949ba59abbe56e057f20f883e', '340057875', '4', NULL),
('ari.styt', 'ddf4ae51caf90a4422048aa90fad5a24', '340057965', '4', NULL),
('aldi.fauzan', '2f0fcf42c3e19e9037570ac2705cdb77', '340058114', '4', NULL),
('yosi.octaviani', '7b71e07cbc30529c5f39fb806ff0f57f', '340058116', '4', NULL),
('amel', '176226b2d51002d2590f048881560569', '340058127', '4', NULL),
('annisa.kusumasari', '48f8af5e06a4647552584faf602cf4ef', '340058143', '4', NULL),
('arinta.calista', 'bbcabde65e35bef7d8ca6a3f30a3d8eb', '340058157', '4', NULL),
('deja', 'e10adc3949ba59abbe56e057f20f883e', '340058194', '4', NULL),
('desy', 'cefa8f2336f529dd98a23beecc0c6ff3', '340058201', '4', NULL),
('dewi', 'fde0b737496c53bb85d07b31a02985a3', '340058208', '4', NULL),
('dimas', 'e2b720eb7c4b41003ac5792df48b9b9c', '340058219', '4', NULL),
('emy.nuryana', 'e10adc3949ba59abbe56e057f20f883e', '340058235', '4', NULL),
('inas', 'e10adc3949ba59abbe56e057f20f883e', '340058292', '4', NULL),
('maria.andhini', '39f379104f074abed8c7ef116d644e67', '340058337', '4', NULL),
('ricky.pranata', 'e5f3bbd187dd5797cd08ab80d609f1fc', '340058384', '4', NULL),
('m.tanzir', '858824e5402d2047d8caed4c0876c393', '340058388', '4', NULL),
('rozanah.cahya', 'b46596778fa3bc2d70011806c4bcd6fa', '340058476', '4', NULL),
('wenny', '09a20bdbe4f592e500ef5d74229d7bea', '340058527', '4', NULL),
('yogi.purjayanto', '83d326096de9511ad3ecedc33c92b28a', '340058536', '4', NULL),
('aditya', 'f6225f135d13291bb797a893ac477265', '340058562', '4', NULL),
('syaiful.abidin', '6efaf59db4bfb9dca15ae72d82496382', '340058576', '4', NULL),
('anggorow', '30ca9a3d169c739dd8f95f0b9ba2d1de', '340058597', '4', NULL),
('anggun.mutiara', '534e4cef508fd1d4fa9c04e3d9e2be4d', '340058598', '4', NULL),
('dewi.intansari', '469f67898518c466a1160252d6c70ae4', '340058675', '4', NULL),
('ema.fadlilah', '3dbdc9a5a014dd25ec1151c56489325f', '340058706', '4', NULL),
('fatma.nur', 'e35cf7b66449df565f93c607d5a81d09', '340058728', '4', NULL),
('githa', '827ccb0eea8a706c4c34a16891f84e7b', '340058750', '4', NULL),
('wulandarihanif', 'e10adc3949ba59abbe56e057f20f883e', '340058757', '4', NULL),
('virati', '91b5e050c1949a15688ff0a3f7cc478b', '340058818', '4', NULL),
('metasari', '60bc5792e82e4ff74a36010c290a133b', '340058821', '4', NULL),
('mega.fitria', '44c7389f5d6f4ea34148b0a520e14da0', '340058829', '4', NULL),
('abdul.majid', 'aa9ca7fe304d518a2b81b93298921a04', '340058848', '4', NULL),
('octarina.nuria', '9dc77d6b94c2bb6ddb7338d969e5f805', '340058902', '4', NULL),
('imrachma', '821401f97ded52006e5dbf5b384b0fe6', '340058929', '4', NULL),
('rizky', '49d8712dd6ac9c3745d53cd4be48284c', '340058956', '4', NULL),
('afif', 'b56776aa98086825550ff0c3fe260907', '340058961', '4', NULL),
('saidinur', '5eff096a4f7b36fd66cb8e3628504e50', '340058969', '4', NULL),
('s.karim', '0b1004610f390da68e1fd17c53ed1525', '340058973', '4', NULL),
('sibad', '827ccb0eea8a706c4c34a16891f84e7b', '340058984', '4', NULL),
('stevanus', '827ccb0eea8a706c4c34a16891f84e7b', '340058994', '4', NULL),
('viona', 'ff88cf665d9e0e7640029667cbecec36', '340059004', '4', NULL),
('vanny.septiana', 'e10adc3949ba59abbe56e057f20f883e', '340059015', '4', NULL),
('onesimus', '45a0371b128ec50af0d80e8635efac12', '340059029', '4', NULL),
('wirdavienza', '8cb963bf27a124d332211525f706ca2a', '340059031', '4', NULL),
('yessiemp', '04757466a06fe5d8ca339228a6fa868b', '340059033', '4', NULL),
('yovita.insan', 'c886c83a5d04268f5c39cf55c97c4c54', '340059036', '4', NULL),
('Arif.Syariffuddin', 'cc929de2b9b121dd4cb4f6568e4ed0a1', '340059264', '4', NULL),
('cristine', '9772842ffaee7a25cba48c7b9245a986', '340059265', '4', NULL),
('deasi.rahmawati', 'f79e6a0f3f9f48f1f980be3b2f4246b7', '340059266', '4', NULL),
('desi.purwanti', 'c7df9356e0a787e97f29bebb12dec7cc', '340059267', '4', NULL),
('muhammad.suryanata', '4f0e4c77e36eb81e54bc7533f13d6191', '340059268', '4', NULL),
('oktri', '0e904e43c32bb1e61c70cec1a102d441', '340059269', '4', NULL),
('sebrinda.datu', '5c243695dd6f1349ece57512700307d5', '340059270', '4', NULL),
('adin.nugroho', '611f5c19924fa10600eafdc16876458a', '340059368', '4', NULL),
('ainun.mdh', 'd02b139a29eabddb8d11ff576e56f060', '340059388', '4', NULL),
('della.nabiela', '86758b0c92777de4722983951a7ab23e', '340059464', '4', NULL),
('raka', '717df7cc7ce0124c0b38eda713484d87', '340059477', '4', NULL),
('iin', 'f6a2e5ede47e66c7212ffaa258b7f5c8', '340059485', '4', NULL),
('junaida', 'e629740e6bb7fb9c3418038e9cf240f5', '340059566', '4', NULL),
('khusnul.chotimah', 'eb13d2e33aa08202015b22518c4643aa', '340059591', '4', NULL),
('yudistira', 'ee44f1ba4cca0f2a61948ed71cf0e413', '340059651', '4', NULL),
('nahar', 'e10adc3949ba59abbe56e057f20f883e', '340059662', '4', NULL),
('naura.vedilia', '0207beb29d954880a6a8c42d61dc56b2', '340059668', '4', NULL),
('ryna.tyas', 'e228ee73538c87801ff642367c010c3c', '340059757', '4', NULL),
('sofida', '681bab7bc4db678783fcdd8bb640ea43', '340059782', '4', NULL),
('tyas', 'fb10c8ee939ceebe3d8b834d22ce17ba', '340059790', '4', NULL),
('winda.luvi', '1868b49f61b0a1904a5a8b1900dbef8c', '340059811', '4', NULL),
('ahmad.attaroqqi', '3d493a8233f05cb0f3e6822961e25e2d', '340059967', '4', NULL),
('aisyah.khoirunnisa', 'e41677b258a76383df4db09bbd204b75', '340059976', '4', NULL),
('elvina', 'ae2f6235c4962a83dda12cea8bd582b2', '340059989', '4', NULL),
('anisya.putri', '25d55ad283aa400af464c76d713c07ad', '340060002', '4', NULL),
('aprilia.candra', 'ef42aecbb280debc5ab19184da595e22', '340060005', '4', NULL),
('arif.hakim', '683d7d987a83c916795bed51800597d8', '340060012', '4', NULL),
('aulia', '614913bc360cdfd1c56758cb87eb9e8f', '340060019', '4', NULL),
('ayufi.reyza', 'e10adc3949ba59abbe56e057f20f883e', '340060023', '4', NULL),
('diah.rukmana', '2353fefd5efbc46832db9322670c6f69', '340060050', '4', NULL),
('nur.ramadhani', 'ecc027c3f88bf8d9692379ac1f07a025', '340060053', '4', NULL),
('alvian', 'be693f9691ecc1fa12558d77376746f0', '340060071', '4', NULL),
('dwi.rahmasari', '2e32d295484d2d3441b7cbac9b16a907', '340060103', '4', NULL),
('hanifa.azzahra', '6f4f1c6980a4920d2b6198fda0e00b34', '340060127', '4', NULL),
('ita.zahro', '0f27052c4d71fe5c2b2dbf8a0253c107', '340060158', '4', NULL),
('adib', '2efc424558ee6f35238af7ebb09ae910', '340060210', '4', NULL),
('rafi.ramadhan', '3ded19df3c0c1633146b77f6a71d227a', '340060227', '4', NULL),
('nabila.widiastuti', '8d79b03dec7f122cbb24bf290154cbfe', '340060239', '4', NULL),
('ovilia.vebi', '742c102e8931eb5968b3ec70fdca35eb', '340060266', '4', NULL),
('dita.wingsanti', '1e36964eb2a6a20df646111a71878525', '340060275', '4', NULL),
('rivaldo.mubarak', '7a4826fcb984a518e26cd19b499bd7fb', '340060296', '4', NULL),
('sahara.citra', 'd5a2c6c1cfa99dc37194690ae862a9fe', '340060309', '4', NULL),
('shovia', '75d753b990b26a5be240f5a85b7d644f', '340060321', '4', NULL),
('syamsul', '564d5ea829ce8977fb848c0a654c7888', '340060334', '4', NULL),
('yolian.hibatullah', '58bf0e73a61a2a05151c342d0dd7c692', '340060355', '4', NULL),
('yusuf.fuadi', '05ec317b4be953bc622f10511981b401', '340060360', '4', NULL),
('arina', 'cb60733fa59920e99f3759d104b59fdc', '340060382', '4', NULL),
('maura.jean', '4fafa2f99512c4e59ab86ac29ce1ac48', '340060410', '4', NULL),
('yuyun.adam', 'e10adc3949ba59abbe56e057f20f883e', '560000009', '4', NULL),
('retnoramadhani', '658c8f555dce6a4ff4eb8883a11db687', '960000446', '4', NULL);

-- --------------------------------------------------------

--
-- Table structure for table `master_org`
--

CREATE TABLE `master_org` (
  `id_org` char(5) NOT NULL,
  `nm_org` varchar(60) NOT NULL,
  `ket` char(1) NOT NULL
) ENGINE=InnoDB DEFAULT CHARSET=latin1;

--
-- Dumping data for table `master_org`
--

INSERT INTO `master_org` (`id_org`, `nm_org`, `ket`) VALUES
('92000', 'BPS Provinsi                                      ', '1'),
('92100', 'Bagian Tata Usaha                                 ', '1'),
('92110', 'Subbagian Bina Program                            ', '1'),
('92120', 'Subbagian Kepegawaian & Hukum                     ', '1'),
('92130', 'Subbagian Keuangan                                ', '1'),
('92140', 'Subbagian Umum', '1'),
('92150', 'Subbagian Pengadaan Barang/Jasa', '1'),
('92160', 'MPP                                               ', '1'),
('92170', 'Diperbantukan/Dipekerjakan                        ', '1'),
('92200', 'Bidang Statistik Sosial                           ', '1'),
('92210', 'Seksi Statistik Kependudukan                      ', '1'),
('92220', 'Seksi Statistik Ketahanan Sosial                  ', '1'),
('92230', 'Seksi Statistik Kesejahteraan Rakyat              ', '1'),
('92300', 'Bidang Statistik Produksi                         ', '1'),
('92310', 'Seksi Statistik Pertanian                         ', '1'),
('92320', 'Seksi Statistik Industri                          ', '1'),
('92330', 'Seksi Statistik Pertambangan, Energi dan Konstruksi', '1'),
('92400', 'Bidang Statistik Distribusi                       ', '1'),
('92410', 'Seksi Statistik Harga Konsumen dan Harga Perdagangan', '1'),
('92420', 'Seksi Statistik Keuangan Dan Harga Produsen       ', '1'),
('92430', 'Seksi Statistik Niaga dan Jasa                    ', '1'),
('92500', 'Bidang Neraca Wilayah dan Analisis Statistik      ', '1'),
('92510', 'Seksi Neraca Produksi                             ', '1'),
('92520', 'Seksi Neraca Konsumsi                             ', '1'),
('92530', 'Seksi Analisis Statistik Lintas Sektoral          ', '1'),
('92600', 'Bidang Integrasi Pengolahan dan Diseminasi Statistik', '1'),
('92610', 'Seksi Integrasi Pengolahan Data                   ', '1'),
('92620', 'Seksi Jaringan dan Rujukan Statistik              ', '1'),
('92630', 'Seksi Diseminasi dan Layanan Statistik            ', '1'),
('92800', 'BPS Kabupaten/Kota                                ', '2'),
('92810', 'Subbagian Tata Usaha                              ', '2'),
('92820', 'Seksi Statistik Sosial                            ', '2'),
('92830', 'Seksi Statistik Produksi                          ', '2'),
('92840', 'Seksi Statistik Distribusi                        ', '2'),
('92850', 'Seksi Neraca Wilayah dan Analisis Statistik       ', '2'),
('92860', 'Seksi Integrasi Pengolahan dan Diseminasi Statistik', '2'),
('92870', 'Koordinator Statistik Kecamatan', '2'),
('92880', 'Diperbantukan/Dipekerjakan                        ', '2'),
('99999', 'Semua', '0');

-- --------------------------------------------------------

--
-- Table structure for table `master_pegawai`
--

CREATE TABLE `master_pegawai` (
  `niplama` varchar(9) NOT NULL,
  `nipbaru` varchar(25) NOT NULL,
  `gelar_depan` varchar(20) NOT NULL,
  `nama` varchar(40) NOT NULL,
  `gelar_belakang` varchar(10) NOT NULL,
  `email` varchar(30) NOT NULL,
  `path_image` text DEFAULT NULL,
  `id_org` char(5) NOT NULL,
  `id_satker` char(4) NOT NULL
) ENGINE=InnoDB DEFAULT CHARSET=latin1;

--
-- Dumping data for table `master_pegawai`
--

INSERT INTO `master_pegawai` (`niplama`, `nipbaru`, `gelar_depan`, `nama`, `gelar_belakang`, `email`, `path_image`, `id_org`, `id_satker`) VALUES
('059999999', '198611032011012009', '', ' Ridha Asih', 'S.Kom', 'ridha.asih@bps.go.id', '059999999.JPG', '92860', '6471'),
('132305667', '197408162003122002', '', ' Dwi Roswita', '', 'dwi.roswita@bps.go.id', NULL, '92810', '6471'),
('340006852', '196009091979122001', '', 'Suwarsih', 'S.E', 'suwarsih@bps.go.id', '340006852.jpg', '92630', '6000'),
('340007898', '196106231980121001', '', 'Ach. Yasid Wijaya SE', 'SE', 'syahruni@bps.go.id', '340007898.jpg', '92800', '0000'),
('340009425', '196203241982031004', '', 'Wagiman', '', 'wagiman3@bps.go.id', NULL, '92810', '6000'),
('340009578', '196206041982031003', '', 'Sundusin', '', 'sundusin@bps.go.id', NULL, '92810', '6000'),
('340010070', '196008311983021002', 'Dr.', 'Adi Lumaksono ', 'M.A.', 'adi@bps.go.id', NULL, '', ''),
('340010465', '196212091983031002', '', 'Sofyan Baktiansyah', 'SE', 'baktiansyah@bps.go.id', NULL, '92840', '6000'),
('340010467', '196104041983031004', '', 'Tri Utomo', '', 'triutomo@bps.go.id', '340010467.JPG', '92830', '0000'),
('340010774', '196207081984031002', '', 'Ahmat Yani B', 'St., SE', 'Ahmat@bps.go.id', '340010774.jpg', '92330', '6000'),
('340010775', '196203021984031002', '', 'Hardi R', 'S.E', 'Hardi@bps.go.id', '340010775.jpg', '92120', '6000'),
('340010846', '196407251984032001', '', ' Siti Dwi Kurniawati Kurnain', '', 'dwisuparman@bps.go.id', NULL, '92810', '6471'),
('340010903', '196305071985011001', 'Dr. Drs. ', 'Anggoro Dwitjahyono ', 'M.Si', 'anggoro@bps.go.id', '340010903.jpg', '92000', '6400'),
('340010911', '196104031985011001', '', 'Haryono', '', 'haryono3@bps.go.id', '340010911.JPG', '92840', '0000'),
('340010912', '196111071985011001', '', 'Saiful Yazan Samsan', '', 'saiful.yazan@bps.go.id', '340010912.jpg', '92860', '0000'),
('340011394', '196406251986031003', '', 'Agung Nugroho', 'SST', 'agung@bps.go.id', NULL, '92800', '6504'),
('340011395', '196602081986031004', '', 'Jaya Supena', '', 'jaya@bps.go.id', '340011395.jpg', '92870', '6403'),
('340011396', '196305171986031005', '', 'Anang Masrani', '', 'anang.masrani@bps.go.id', '340011396.jpg', '92840', '6000'),
('340011398', '196508071986031003', '', 'Basran', 'S.E', 'Basran@bps.go.id', '340011398.jpg', '92200', '6500'),
('340011470', '196412301986031003', '', 'Sholihuddin', 'SE', 'sholihuddin@bps.go.id ', NULL, '92830', '6405'),
('340011474', '196309161986032002', '', 'Solihat Mulyani', '', 'solihat@bps.go.id', '340011474.jpg', '92110', '6400'),
('340011477', '196607181986031003', '', 'Imbran', 'S.E', 'imbran@bps.go.id', '340011477.jpg', '92840', '6472'),
('340011540', '196606221986031002', '', 'Gandi Wilyanto ', 'S.ST', 'gandi@bps.go.id', '340011540.jpg', '92600', '6400'),
('340011550', '196404041986032006', '', 'Emy Issudi Herwati ', '', 'emy.issudi@bps.go.id', NULL, '92860', '0000'),
('340011571', '196606201986031001', '', 'Hotbel Purba', 'SST', 'hotbel@bps.go.id', NULL, '92800', '6401'),
('340011578', '196505251986031001', '', 'Budi Susilo', 'SE', 'budisusilo@bps.go.id', NULL, '92830', '6471'),
('340011786', '196611261988021001', '', 'Edison Situmorang', 'SST', 'edisons@bps.go.id', NULL, '92820', '6472'),
('340011888', '196503051988021001', '', 'Enanto', ' SE', 'enanto@bps.go.id', NULL, '92840', '6403'),
('340012044', '196305061989011001', '', 'Supriyanto', ' S.Si', 'supriyanto4@bps.go.id', NULL, '92620', '6000'),
('340012092', '196403031989021001', '', 'Sarguno', '', 'sarguno@bps.go.id', '340012092.jpg', '92610', '6400'),
('340012093', '196706271989021002', '', 'Asmuni', '', 'Asmuni@bps.go.id', '340012093.jpg', '92140', '6400'),
('340012369', '196708131989031007', '', 'Siswanto', 'SP.', 'siswanto4@bps.go.id', '340012369.jpg', '92830', '6403'),
('340012434', '196906051990031004', '', 'Darussalam', '', 'darussalam2@bps.go.id', '340012434.jpg', '92810', '6403'),
('340012435', '196903301990031002', '', 'Jaini', '', 'jaini@bps.go.id', NULL, '92840', '6474'),
('340012438', '197005051990031004', '', 'Rusdiansyah', '', 'rusdiansyah@bps.go.id', NULL, '92840', '6401'),
('340012466', '196702081990031004', '', 'Fadlan', '', 'fadlan2@bps.go.id', NULL, '92870', '6000'),
('340012602', '196306151990031002', 'Ir', 'Achmad Zaini M.si', 'M.Si', 'achmad@bps.go.id', '340012602.jpg', '92800', '6400'),
('340012603', '196210111990031003', 'Ir', 'Gunadi Irianto', '', 'Gunadi@bps.go.id', '340012603.jpg', '92600', '6000'),
('340012809', '196908271991021002', '', 'Yuda Agus Irianto', 'S.si', 'yuda@bps.go.id', NULL, '92800', '6503'),
('340012813', '196909251991021001', '', 'LILI RIDUAN', 'SP', 'lili.riduan@bps.go.id', '340012813.JPG', '92810', '6409'),
('340012814', '197202191991022001', '', 'Mahdalena', '', 'Mahdalena@bps.go.id', '340012814.jpg', '92310', '6400'),
('340012815', '196910281991021001', '', 'Nur Eksan', '', 'nur.eksan@bps.go.id', '340012815.jpg', '92870', '6402'),
('340012875', '196611281991022001', '', 'Roosmawati', 'SE., MM.', 'Roosmawati@bps.go.id', '340012875.jpg', '92800', '6472'),
('340012911', '196604201991031001', '', 'Akhmad Junaidi', 'SE., M.Si', 'akh.junaidi@bps.go.id', '340012911.JPG', '92800', '6404'),
('340012952', '196807291991031004', '', 'Miswanto', '', 'miswanto@bps.go.id', NULL, '92810', '6472'),
('340013135', '196404121992031004', 'Ir', 'Srie Sis Sugianto', 'M.Si', 'sissugianto@bps.go.id', NULL, '92800', '6403'),
('340013158', '196411071992031002', 'Ir', 'Bahramsyah', '', 'bahramsyah@bps.go.id', '340013158.jpg', '92800', '6405'),
('340013364', '196909061992111001', '', 'Edi Waryono', 'S.Si. M.Ke', 'waryono@bps.go.id', '340013364.jpg', '92200', '6400'),
('340013516', '196905161993012001', 'Ir', 'Siti Farisyah Yana', 'M.Si', 'SitiFarisyah@bps.go.id', '340013516.jpg', '92300', '6000'),
('340013532', '196512131993012001', 'Ir', 'Lilis Suryani', 'MM', 'lilis@bps.go.id', '340013532.jpg', '92430', '6400'),
('340013574', '196905241993021001', 'Ir', 'Nur Wahid', '', 'wahid@bps.go.id', NULL, '92100', '6400'),
('340013643', '197203231993031002', '', 'Lutfi Muta\'ali', 'SE', 'Lutfi@bps.go.id', '340013643.jpg', '92130', '6400'),
('340013802', '197011061993121001', '', 'Rudy Ramadani Syoer', 'SST, M.Si', 'Rudy@bps.go.id', '340013802.jpg', '92800', '6400'),
('340014073', '197212151994011001', '', 'Oni Eko Cahyono', '', 'cahyono@bps.go.id', '340014073.jpg', '92840', '6401'),
('340014077', '197205091994011001', '', 'Sunardi', 'SST', 'sunardi4@bps.go.id', '340014077.jpg', '92420', '6400'),
('340014078', '197303171994012001', '', 'salamah', 'SE', 'salamah@bps.go.id', NULL, '92810', '6405'),
('340014080', '197309041994011001', '', 'Sudarmaji', '', 'sudarmaji@bps.go.id', NULL, '92870', '6403'),
('340014081', '197003111994011002', '', 'Heru Achmadi ', '', 'heruachmadi@bps.go.id', NULL, '92870', '6404'),
('340014082', '196909101994012001', '', 'Mursinah', 'SE, M.si', 'mursinah@bps.go.id', '340014082.jpg', '92110', '6400'),
('340014083', '196804161994011001', 'Ir', 'Imam Sudarmaji', '', 'imam@bps.go.id', NULL, '92800', '6571'),
('340014084', '196611291994012001', 'Ir', ' Asfi Amanah', 'MP', 'Asfi@bps.go.id', '340014084.jpg', '92140', '6400'),
('340014122', '196812191994012001', '', 'Vivi Azwar ', 'SP, M.Si', 'Vivi@bps.go.id', '340014122.jpg', '92300', '6500'),
('340014124', '196410261994011001', '', 'ACH. YASID WIJAYA', 'SE', 'yasid@bps.go.id', '340014124.jpg', '92800', '6409'),
('340014232', '197509051994011001', '', 'MUCH. YUSUF', 'SE', 'much.yusuf@bps.go.id', '340014232.jpg', '92860', '6409'),
('340014409', '197412171994011001', '', 'Muhammad Fauzi', 'S.E', 'muhammadfauzi@bps.go.id', '340014409.jpg', '92150', '6400'),
('340014472', '196610041994022001', 'Ir', 'Emmy Maksum', 'M.Si', 'Emmy@bps.go.id', '340014472.jpg', '92320', '6400'),
('340014895', '197212161994031004', '', 'Sudjimin ', 'SE, MM.', 'sudjimin@bps.go.id', NULL, '92830', '6472'),
('340015251', '197008281996031003', '', 'RUSDI', '', 'rusdi4@bps.go.id', '340015251.JPG', '92870', '6409'),
('340015312', '197401221996121001', '', 'Wembri Suska', 'SST., M.Si', 'wembri@bps.go.id', '340015312.jpg', '92400', '6400'),
('340015323', '197507161996122001', 'Dr', 'Yusniar Juliana', 'SSi, MIDEC', 'yusniar@bps.go.id', '340015323.jpg', '92500', '6400'),
('340015393', '197411181996121001', '', 'Marinda Dama Prianto ', ' S.Si', 'Marinda@bps.go.id', '340015393.jpg', '92300', '6400'),
('340015395', '197307171996121001', '', 'Khairil Anwar ', 'M.Si', 'Khairil@bps.go.id', '340015395.jpg', '92620', '6400'),
('340015540', '197605171997122001', '', 'Arifatus Solikhah', 'S.ST, M.Si', 'Arifatus@bps.go.id', '340015540.jpg', '92520', '6000'),
('340015609', '197307261998031002', '', 'Suriya Handayani', 'SE', 'suriya.handayani@bps.go.id', NULL, '92860', '6405'),
('340015610', '197607011998031001', '', 'Harianto', '', 'harianto4@bps.go.id', '340015610.jpg', '92870', '6402'),
('340015646', '197408231998031002', '', 'AKHMAD KHUZAINI ARIFIN', 'SST', 'khuzaini@bps.go.id', '340015646.jpg', '92840', '6409'),
('340015647', '197610261998031003', '', 'Rudy Sutrisno ', 'SE.', 'rudi.sutrisno@bps.go.id', '340015647.jpg', '92870', '6403'),
('340015767', '197703111999012001', '', ' Ariyanti Cahyaningsih', 'SST.,M.Si', 'ariyanti@bps.go.id', NULL, '92840', '6471'),
('340015835', '197005071999031001', '', 'Petrus Suryadi Balisa', 'SE., MM.', 'petrusbalisa@bps.go.id', '340015835.jpg', '92850', '0000'),
('340015846', '197511071999031001', '', 'Syahrir Wahid ', '', 'syahrir@bps.go.id', NULL, '92870', '6471'),
('340015887', '197608281999031008', '', 'R. Agus Setyawan', 'SST', 'agussetyawan@bps.go.id', '340015887.jpg', '92860', '6471'),
('340016013', '197709151999121001', '', ' Umar Riyadi', 'S.ST, M.Si', 'oemar@bps.go.id', NULL, '92820', '6471'),
('340016015', '197712121999122001', '', ' Asih Pratiwi', 'S.ST', 'apratiwi@bps.go.id', NULL, '92840', '6471'),
('340016016', '197803021999121001', '', ' Yudi Wahyudin ', 'S.ST., M.S', 'yudi.wahyudin@bps.go.id', NULL, '92520', '6400'),
('340016146', '197910292000122001', '', 'Titik Hidayati ', 'SST.,M.S.E', 'titikhidayati@bps.go.id', NULL, '92630', '6400'),
('340016185', '197712082000121002', 'Dr.', 'Mustaqim', 'SST., SE.,', 'mustaqim@bps.go.id', NULL, '92800', '6471'),
('340016201', '197909052000121005', '', 'MURYANTO', 'SST, MSI', 'muryanto@bps.go.id', '340016201.jpg', '92820', '6409'),
('340016213', '197810172000122002', '', 'Indri Astanti', 'SST, M.Si.', 'Indri@bps.go.id', '340016213.jpg', '92410', '6400'),
('340016225', '197901092000121001', '', 'Widiyantono', 'SST,M.Stat', 'widiyantono@bps.go.id', '340016225.jpg', '92800', '6474'),
('340016359', '196911072001122002', '', 'Aida Royani', '', 'Aida@bps.go.id', '340016359.jpg', '92420', '6400'),
('340016513', '197906072002121003', '', 'BAYU AGUNG PRASETYO', 'SST, SE, M', 'bayu.ap@bps.go.id', '340016513.jpg', '92800', '6402'),
('340016514', '197905232002121002', '', 'Maibu Barwis Sugiharto', 'SST, M.Si', 'maibu@bps.go.id', NULL, '92800', '6502'),
('340016516', '198101092002121001', '', 'Anang Subhan Efendi', 'SST', 'Anang@bps.go.id', '340016516.jpg', '92310', '6400'),
('340016621', '197905172002122005', '', 'Hastuti Rahmah', 'A.Md.', 'hastuti_rahmah@bps.go.id', '340016621.jpg', '92860', '6403'),
('340016622', '197610022002122004', '', 'Rita Salamah', 'S.Si.', 'ritasalamah@bps.go.id', NULL, '92810', '6471'),
('340016787', '197312282002121003', '', 'Ariansyah', '', 'arian@bps.go.id', NULL, '92870', '6504'),
('340016857', '197303192002121004', '', 'Rudiansyah A', '', 'rudiansyah2@bps.go.id', '340016857.jpg', '92870', '6403'),
('340016859', '198304272002121002', '', 'M.Ali', '', 'm.ali2@bps.go.id ', NULL, '92810', '6405'),
('340016860', '197506072002121003', '', 'DWI YUNIANTO', 'SE', 'dwiek@bps.go.id', '340016860.jpg', '92830', '6409'),
('340016861', '197611022002121008', '', 'Samsidar MS', '', 'samsidar@bps.go.id', NULL, '92820', '6401'),
('340016863', '196808102002121005', '', 'Ery Yanda Mohammad Daud ', '', 'eryyandamd@bps.go.id', NULL, '92870', '6404'),
('340016919', '197801212002122003', '', 'Berta Luhung Ding', '', 'b.luhung@bps.go.id', NULL, '92810', '6402'),
('340016920', '197405292002121005', '', 'M. Syaiful Anwar', 'SE', 'syaiful.anwar@bps.go.id', '340016920.jpg', '92840', '6402'),
('340016930', '197902202002122004', '', ' Siswanita U.', 'S.Si.,M.T.', 'siswanita@bps.go.id', NULL, '92850', '0000'),
('340017017', '198010152003122001', '', 'NURUL ISTIQOMAH', 'SST, MSI', 'n.istiqomah@bps.go.id', '340017017.JPG', '92850', '6409'),
('340017022', '198101132003122003', '', 'Lita Januarti Hakim', 'SST, MSi', 'lita.hakim@bps.go.id ', NULL, '92850', '6405'),
('340017023', '198107172003121003', '', 'Slamet Romelan', 'SST', 'slamet@bps.go.id', NULL, '92800', '6501'),
('340017024', '198004162003121003', '', 'Rangga Adhimulya Kurniawan', 'S.ST', 'rangga@bps.go.id', '340017024.jpg', '92860', '6472'),
('340017192', '197703272003121005', '', 'A. Hambali', 'SE', 'hambali.achmad@bps.go.id', '340017192.jpg', '92830', '6401'),
('340017194', '197609172003121005', '', 'Muhammad Zubair', '', 'muhammadzubair@bps.go.id', '340017194.jpg', '92870', '6403'),
('340017196', '197605232003122005', '', 'Sitti Aisyah Ramli', '', 'aisyahr@bps.go.id', NULL, '92870', '6474'),
('340017342', '198303262004122001', '', 'Ika Ayuningtyas ', 'SST, M.Si', 'ika.ayu@bps.go.id', NULL, '92530', '6400'),
('340017652', '198104202005022002', '', 'Ari Susilowati', 'SP', 'arisusilo@bps.go.id', NULL, '92810', '6504'),
('340017662', '197804152005022009', '', 'Laily Tin Adni', '', 'Laily@bps.go.id', '340017662.jpg', '92130', '6400'),
('340017663', '197804242005021002', '', 'Dwi Prasetyono', 'A.Md', 'dwipras@bps.go.id', NULL, '92860', '6504'),
('340017664', '197903152005021001', '', 'Rudy Marpaung', 'A.Md', 'rudymarpa@bps.go.id', '340017664.JPG', '92850', '6402'),
('340017677', '198103132005021002', '', 'Bronson Manik', 'S.Stat', 'bronson@bps.go.id', '340017677.jpg', '92330', '6400'),
('340017744', '198007172005021004', '', 'Khairul Annam', '', 'annam@bps.go.id', '340017744.jpg', '92870', '6403'),
('340017848', '198103292006021001', '', 'Nizaruddin', 'SST., M.Si', 'nizarkarim@bps.go.id', NULL, '92840', '6000'),
('340017850', '198111272006022001', '', 'Rizqi Elviah', 'SST', 'Rizqi@bps.go.id', '340017850.jpg', '92230', '6000'),
('340017907', '198303052006021002', '', 'Muhammad Syahril', 'SST', 'syah@bps.go.id', NULL, '92610', '6400'),
('340017989', '197907272006042004', '', 'Juli Yanti S.', ' S.Si', 'juli.ys@bps.go.id', NULL, '92850', '6471'),
('340018151', '198603182006042001', '', ' Harwina Winata Pabuang', 'SE', 'harwina@bps.go.id', NULL, '92830', '6000'),
('340018326', '198601162006042001', '', 'Siska Wulandari', '', 'Siska@bps.go.id', '340018326.jpg', '92130', '6000'),
('340018429', '198410132006041005', '', 'Abdissubhan', 'S.Si', 'abdissubhan@bps.go.id', '340018429.jpg', '92120', '6400'),
('340018430', '198311252006042006', '', 'Intan Kusuma Negara', 'S.E., M.M.', 'intan_kusuma@bps.go.id', NULL, '92820', '6474'),
('340018431', '198004072006041005', '', 'Agus Jaya Prasedyantoro', '', 'Agus@bps.go.id', '340018431.jpg', '92130', '6400'),
('340018433', '198307262006041002', '', 'Budi Kurniawan ', 'SP', 'budikurniawan@bps.go.id', NULL, '92430', '6400'),
('340018434', '197107032006041001', '', 'Constantein Mandeiros Daniel Teddy Robot', 'S.Pi', 'cmdtrobot@bps.go.id', NULL, '92870', '6471'),
('340018436', '198211292006042004', '', 'Titin Sukmawati', 'A.Md', 'titin@bps.go.id', '340018436.jpg', '92430', '6000'),
('340018440', '197601162006042002', '', 'Fathul Jannah', 'SE, M.si', 'Fathul@bps.go.id', '340018440.jpg', '92810', '6474'),
('340018442', '197908112006041004', '', 'Agus Susanto', '', 'susanto.agus@bps.go.id', '340018442.jpg', '92870', '6403'),
('340018443', '197507162006042002', '', 'Ilmiah Sukanthi', '', 'kanthi@bps.go.id', NULL, '92810', '6474'),
('340018444', '198501052006042002', '', 'Norlatifah', 'S.Si M.Sta', 'Norlatifah@bps.go.id', '340018444.jpg', '92850', '6472'),
('340018445', '198401222006042002', '', 'Rabiatul Adawiah', 'S.Si', 'rabiatul@bps.go.id', '340018445.jpg', '92810', '6403'),
('340018552', '198205112006042029', '', 'Maisa Ariani ', '', 'maisa.ariani@bps.go.id', NULL, '92840', '6472'),
('340018553', '198209252006041010', '', 'Cahyo Tri Wahyu Widayanto', 'A.Md', 'cahyo@bps.go.id', '340018553.jpg', '92530', '6000'),
('340018555', '198701292006042004', '', 'Rahayu Hestiningsih', '', 'Rahayu@bps.go.id', '340018555.jpg', '92150', '6400'),
('340018556', '198704042006041004', '', 'Eko Dwi Satria', '', 'ekodwis@bps.go.id', '340018556.jpg', '92870', '6403'),
('340018945', '198109182006041015', '', 'Herman', '', 'herm@bps.go.id', NULL, '92810', '6504'),
('340018983', '198708222006042003', '', ' Titik Sri Sabekti', 'SE', 'sabekti@bps.go.id', NULL, '92810', '6471'),
('340019096', '198309252006041008', '', 'Feriansyah ', '', 'feriansyah@bps.go.id', NULL, '92840', '6404'),
('340019207', '198311222007012002', '', 'Novana Ari Santi', 'S.S.T.', 'novana@bps.go.id', NULL, '92830', '6474'),
('340019502', '197006152007011007', '', 'Ilham', '', 'ilham2@bps.go.id', NULL, '92870', '6504'),
('340019600', '198508082007012003', '', 'Kusniwati Tulus', '', 'kusniwati@bps.go.id', '340019600.jpg', '92120', '6000'),
('340019714', '198310062007011001', '', 'Hamsyah', '', 'hamsyah@bps.go.id', NULL, '92810', '6401'),
('340019715', '197312262007011004', '', 'Mustakim', '', 'mustakimta@bps.go.id', NULL, '92870', '6471'),
('340019716', '197410142007011001', '', 'Oktavianus Ingai Hanye', '', 'o.ingai@bps.go.id', '340019716.JPG', '92870', '6402'),
('340019747', '197910292007011001', '', 'Basaruddin Barata ', '', 'barata@bps.go.id', NULL, '92870', '6474'),
('340019767', '198404252007012001', '', 'Denok Purbondari', '', 'denok@bps.go.id', '340019767.jpg', '92810', '6403'),
('340019846', '198209062007012001', '', 'Julia', '', 'julia@bps.go.id', NULL, '92810', '6504'),
('340019959', '198510202008012004', '', 'Ely Uswatun Kasanah', 'SST, M.Ec.', 'ely@bps.go.id', '340019959.JPG', '92210', '6400'),
('340020179', '198504192008012003', '', 'Ucik Purnamasari', 'SST, M.Si.', 'Ucik@bps.go.id', '340020179.jpg', '92220', '6400'),
('340020189', '198611212008011002', '', 'Novia Rabi\'ul Insak', 'SE.', 'noviarabiul@bps.go.id', '340020189.jpg', '92870', '6403'),
('340020190', '198804242008012001', '', 'MURNI', 'SE', 'murni2@bps.go.id', '340020190.JPG', '92810', '6000'),
('340020191', '198507172008011006', '', 'Hendro Budiyono', 'S.Si', 'hendrobudiyono@bps.go.id', NULL, '92870', '6404'),
('340020192', '198408302008011007', '', 'Debi Wardoyo', 'SST', 'Debi@bps.go.id', '340020192.jpg', '92420', '6000'),
('340020193', '198601132008012003', '', 'Triana Kurniawati', 'SST', 'triana_kurnia@bps.go.id', '340020193.jpg', '92820', '6403'),
('340020197', '198507142008011003', '', 'Amin Sani Kertiyasa ', 'SST, M.T', 'aminsanikertiyasa@bps.go.id', '340020197.jpg', '92860', '6000'),
('340020198', '198412142008012008', '', ' Devi Harnia Setyani', 'SST', 'deviharnia@bps.go.id', NULL, '92840', '6471'),
('340020269', '198007102008012020', '', 'Aminah', '', 'aminah4@bps.go.id', NULL, '92810', '6404'),
('340020272', '198202102008012011', '', 'Arni Mangiri', 'S.Kom', 'arnimangiri@bps.go.id', NULL, '92810', '6404'),
('340020312', '198502022008011003', '', 'Nugroho Dwi Prasetio', 'SST', 'nunox@bps.go.id', '340020312.jpg', '92850', '6403'),
('340020353', '198412212008012003', '', 'Deppi Andam Dewi ', 'SST', 'deppi@bps.go.id', NULL, '92220', '6400'),
('340020360', '198501282008011003', '', 'Valve Widho Riyono', 'SST', 'valve@bps.go.id', '340020360.jpg', '92860', '6000'),
('340020363', '198405142008012004', '', 'Mambaus Sa\'adah', 'SST', 'mambaus@bps.go.id', NULL, '92820', '6000'),
('340020419', '198806262008011001', '', 'Muhammad Azhar ', '', 'muhammadazhar@bps.go.id', NULL, '92810', '6404'),
('340050103', '198607262009022003', '', 'Gita Lestari ', 'S.S.T.', 'gita_lestari@bps.go.id', NULL, '92860', '6474'),
('340050179', '198702042009021003', '', 'Noor Arifullah', 'S.S.T, M.E', 'arifullah@bps.go.id', NULL, '92840', '6474'),
('340050182', '198611232009022005', '', ' Noviana Rejeki', 'SST', 'noviana.rejeki@bps.go.id', NULL, '92830', '6471'),
('340050229', '198711052009022003', '', 'Rizka Maulina ', 'SST, M.Si', 'rizka.maulina@bps.go.id', NULL, '92850', '6404'),
('340050254', '198501222009021005', '', 'Tamami Ikhwan', 'SST', 'Tamami@bps.go.id', '340050254.jpg', '92310', '6000'),
('340051102', '198608272009022006', '', 'Eka Agus Setiyorini', 'A.Md', 'Eka@bps.go.id', '340051102.jpg', '92330', '6000'),
('340051190', '198604112009021001', '', 'Joko Affandy Alhuda', 'S.Si., M.S', 'alhuda@bps.go.id', '340051190.jpg', '92230', '6400'),
('340051245', '198405122009022012', '', 'Ninik Mei Nurwati', 'S.E', 'ninik@bps.go.id', '340051245.jpg', '92810', '6471'),
('340052303', '197410072009011008', '', 'Totok Arianto ', '', 'mastotok@bps.go.id', NULL, '92870', '6474'),
('340053321', '198709042012122002', '', 'Dicky Dita Firmansyah', 'M.Ec.Dev', 'ditaf@bps.go.id', NULL, '92840', '6504'),
('340053322', '198709222009122001', '', 'Elok Nugraheni Yekti Handayan', 'S.ST', 'elok.nugraheni@bps.go.id', '340053322.jpg', '92840', '6401'),
('340053823', '198705232010032001', '', 'Ajeng Fitricha Wulandari', 'S.Si', 'ajengfitri@bps.go.id', '340053823.jpg', '92870', '6472'),
('340053824', '198504182010032002', '', 'Aprilya Miranda', 'S.Si', 'aprilyamiranda@bps.go.id', NULL, '92870', '6472'),
('340053825', '198611282010031001', '', 'Ayub', 'A.Md Kom', 'ayub2@bps.go.id', NULL, '92870', '6504'),
('340053827', '198612052010032001', '', 'Dewi Puspitaningsih ', 'S.Si', 'dewipuspitaningsih@bps.go.id', NULL, '92870', '6404'),
('340053828', '198705022010032001', '', ' Eka Mulyani', 'S.Si', 'eka_mulyani@bps.go.id', NULL, '92810', '6472'),
('340053829', '198409122010031002', '', 'Eric Ismail Sudjito', 'S.Si', 'ericismail@bps.go.id', '340053829.jpg', '92810', '6471'),
('340053830', '198509232010031001', '', 'Hairuddin', 'S.Si', 'hairuddin@bps.go.id', '340053830.JPG', '92860', '6401'),
('340053831', '198304072010031001', '', 'Hari Afdani', 'S.Si', 'hari_afdani@bps.go.id', NULL, '92810', '6503'),
('340053832', '198803142010031001', '', 'Martanto Eko Saputro', 'A.Md', 'm.ekos@bps.go.id', '340053832.JPG', '92810', '6402'),
('340053833', '198611292010031002', '', 'Maulana Malik Herdianto', 'S.Si', 'maulana.mh@bps.go.id', '340053833.jpg', '92810', '6401'),
('340053834', '196404121992031004', '', 'Melindawati', 'S.Si', 'melindawati@bps.go.id', NULL, '92810', '6472'),
('340053835', '198406022010032005', '', 'Metha Setyoaji Wedhaninggar', 'S.Si, M.Sc', 'metha@bps.go.id', '340053835.jpg', '92620', '6400'),
('340053836', '198311292010032002', '', 'Mosy R. Ariani', 'S.Si', 'mosyariani@bps.go.id', '340053836.JPG', '92870', '6402'),
('340053837', '198507182010031001', '', 'MUHAMAD YAMIN', 'S.Si', 'yamin.muhamad@bps.go.id', '340053837.jpg', '92840', '6409'),
('340053838', '198511042010032001', '', 'Norhaini ', 'S.Si', 'norhaini@bps.go.id', NULL, '92810', '6404'),
('340053840', '198207072010031002', '', 'Rani Ruslan', ' S.Si', 'rani.ruslan@bps.go.id', NULL, '92830', '6404'),
('340053842', '198803012010032001', '', 'Rike Marliani', 'S.Si', 'rike@bps.go.id', NULL, '92870', '6472'),
('340053843', '198403102010031002', '', 'Romyan Siahaya', 'S.Si', 'romyan.siahaya@bps.go.id', '340053843.JPG', '92870', '6402'),
('340053844', '198706092010031001', '', 'Salman Basri', 'S.Si', 'salman.basri@bps.go.id', NULL, '92870', '6472'),
('340053845', '198609052010032003', '', 'Sevrien Erwina Arumbayati', 'S.Si, MM', 'sevrien@bps.go.id', '340053845.jpg', '92810', '6402'),
('340054061', '198209102010032001', '', 'ROSTIANA TANDIRERUNG', 'SE', 'rostiana@bps.go.id', '340054061.JPG', '92810', '6409'),
('340054222', '199007102010122003', '', 'Khumairotus Sa\'adah  Juriana', 'SST', 'khumairotus@bps.go.id', '340054222.jpg', '92510', '6400'),
('340054261', '198711282010122003', '', 'NOVA NAULI HARAHAP', 'SST', 'nova.harahap@bps.go.id', '340054261.JPG', '92840', '6409'),
('340055357', '198408202011011009', '', 'Akhmad Husaini', 'S.Si', 'ahusaini@bps.go.id', '340055357.JPG', '92870', '6402'),
('340055359', '198806082011011010', '', 'Ardiansyah', 'SH, MM', 'ardiansyah@bps.go.id', '340055359.jpg', '92120', '6400'),
('340055360', '197704272011011006', '', 'Arie Wardiansyah', 'SP', 'wardiansyah.arie@bps.go.id ', NULL, '92870', '6000'),
('340055361', '198809192011011008', '', 'Arif Yogi Pratama', 'SE.', 'arifyogi@bps.go.id', '340055361.jpg', '92870', '6403'),
('340055362', '198801072011012012', '', 'Asnariyah', 'S.Si', 'asnariyah@bps.go.id', NULL, '92810', '6503'),
('340055363', '198711252011012020', '', 'Christin Elisabeth Simorangkir', 'S.E', 'Christin@bps.go.id', '340055363.jpg', '92140', '6400'),
('340055365', '198407052011011019', '', 'Dwi Cahyo Aribowo ', 'S.Si', 'dwicahyoaribowo@bps.go.id', NULL, '92870', '6404'),
('340055368', '198409012011012017', '', 'Ety Septiani', 'S.Si', 'etyseptiani@bps.go.id', '340055368.jpg', '92870', '6403'),
('340055369', '198512022011012013', '', 'Evi Actric', 'S.Si', 'evi.actric@bps.go.id', '340055369.jpg', '92150', '6400'),
('340055370', '198310282011012019', '', 'Fauziah', 'A.Md.', 'fauziah2@bps.go.id', '340055370.jpg', '92810', '6403'),
('340055371', '198711142011012016', '', 'Fiki Novitasari', '', 'fikinovitasari@bps.go.id', NULL, '92870', '6472'),
('340055372', '198506202011011015', '', 'Fitriyadi Mangedong', ' A.Md.', 'Fitriyadi@bps.go.id', '340055372.jpg', '92140', '6400'),
('340055373', '198607302011011011', '', 'Leo Marusaha Sinaga ', 'A.Md.', 'leo.sinaga@bps.go.id', NULL, '92830', '6472'),
('340055374', '198011272011012004', '', 'Margareta Thriana Herumarwati', 'S.Psi.', 'Margareta@bps.go.id', '340055374.jpg', '92120', '6000'),
('340055375', '198605112011012020', '', 'Meylan Ratnawati Panjaitan', 'S.Si', 'meylan.panjaitan@bps.go.id', '340055375.JPG', '92810', '6402'),
('340055376', '198509182011012015', '', 'Mirawati', 'S.Si', 'mirawa@bps.go.id', NULL, '92430', '6400'),
('340055377', '198311162011011012', '', 'Muammar', 'S.Si', 'muammar2@bps.go.id', NULL, '92870', '6000'),
('340055378', '197910102011011011', '', 'Mujiono', 'S.Si', 'mujio@bps.go.id', '340055378.JPG', '92830', '6402'),
('340055379', '198205172011011008', '', 'Musliadi', 'SE', 'musliadi@bps.go.id', NULL, '92870', '6405'),
('340055380', '197802032011012009', '', 'Ofandi Risnewati Manalu', 'SE', 'risnemanalu@bps.go.id', '340055380.JPG', '92870', '6402'),
('340055381', '198508202011012016', '', 'Puspita Sari', 'S.Si', 'puspitasari@bps.go.id', NULL, '92870', '6472'),
('340055383', '198403252011011006', '', 'Rijani', 'S.Si', 'rijani@bps.go.id', '340055383.jpg', '92870', '6403'),
('340055384', '198712152011012024', '', 'Risa Cahyanti', 'S.E.', 'risa@bps.go.id', NULL, '92870', '6471'),
('340055385', '198609162011011010', '', 'Rully Amrullah', 'SE.', 'rully.amrullah@bps.go.id', '340055385.jpg', '92870', '6403'),
('340055386', '198707092011011006', '', 'Seno Mukti Wibowo', 'S.Si', 'seno.mw@bps.go.id', NULL, '92860', '6401'),
('340055387', '198508222011012024', '', 'SITI NURMAWADDAH', 'SSI', 'nurmawaddah@bps.go.id', '340055387.JPG', '92870', '6409'),
('340055388', '198411272011011012', '', 'Syafruddin', 'S.Si', 'syafruddin2@bps.go.id', NULL, '92870', '6504'),
('340055389', '198205182011011005', '', 'Yohanes Eka Firma Dinata', 'S.Si', 'ekafirma@bps.go.id', '340055389.jpg', '92860', '6402'),
('340055390', '198712102011012021', '', 'Yuliani', 'S.Si', 'yulianirahman@bps.go.id', '340055390.jpg', '92810', '6401'),
('340055536', '198607222011012020', '', ' Ince Zulfiana Hadi', ' S.Sos.', 'ince.hadi@bps.go.id', NULL, '92810', '6000'),
('340055856', '198812202012112001', '', 'Nanda Sekar Asmara ', 'SST', 'nandasekar@bps.go.id', NULL, '92820', '6472'),
('340056121', '198808182012121003', '', 'Arif Nugroho Wicaksono', 'S.Si', 'Arif@bps.go.id', '340056121.jpg', '92130', '6000'),
('340056122', '198310132012121001', '', 'Budianto Oky Prasetya', 'S.Si', 'oky.p@bps.go.id', NULL, '92830', '6503'),
('340056123', '198704112012122003', '', ' Dewinta Nur Aprianti', 'S.Si', 'dewinta.nur@bps.go.id', NULL, '92870', '6571'),
('340056124', '198702072012121002', '', 'Dodi Raharjo', 'S.Si', 'dodi.raharjo@bps.go.id', NULL, '92820', '6504'),
('340056126', '198803012012122001', '', 'Kiki Darmayanti', 'S.Si', 'kikidarma@bps.go.id', NULL, '92820', '6503'),
('340056127', '198305072012122001', '', 'Meliya Indri Sari', 'S.Si', 'meliya@bps.bps.go.id', '340056127.jpg', '92120', '6400'),
('340056129', '198502262012121001', '', 'Siswandi', 'SE.', 'siswandi4@bps.go.id', '340056129.jpg', '92840', '6404'),
('340056190', '199007152013111001', '', 'Achmad Salam', 'SST', 'achmadsalam@bps.go.id', NULL, '92860', '6504'),
('340056275', '199006272013112001', '', 'Fadila Indriasar', 'SST', 'Fadila@bps.go.id', '340056275.jpg', '92320', '6000'),
('340056316', '199002012013112001', '', 'Ika Rahma Febrianti', 'SST', 'ika.febri@bps.go.id ', NULL, '92840', '6405'),
('340056319', '199001282013112001', '', 'Indah Cahyani Mustikaning Tyas', 'SST', 'Indah@bps.go.id', '340056319.jpg', '92230', '6000'),
('340056329', '199004102013112001', '', 'Jami\'atul Mualifah', 'SST', 'jamiatul@bps.go.id', NULL, '92850', '6405'),
('340056346', '199002162013111001', '', 'Loveandre Danang Handriyanto', 'SST', 'loveandre@bps.go.id', '340056346.jpg', '92850', '6471'),
('340056355', '199004282013112001', '', 'Marfuah Apriyani', 'SST', 'marfuah@bps.go.id', '340056355.jpg', '92530', '6000'),
('340056375', '199107212013111001', '', 'Muniaga Ivander', 'SST', 'muniaga@bps.go.id', '340056375.jpg', '92620', '6000'),
('340056410', '199001272013112001', '', 'Rani Kirnawati', '', 'rani.k@bps.go.id', NULL, '92850', '6504'),
('340056420', '199010232013112001', '', 'Ria Pujo Pangesti', 'SST', 'Ria@bps.go.id', '340056420.jpg', '92410', '6000'),
('340056442', '199006182013112001', '', 'Salsiah', 'SST', 'salsiah@bps.go.id', '340056442.jpg', '92520', '6400'),
('340056667', '199309132014102001', '', 'Kurnia Wahyu Sahfitri', 'SST', 'kurnia.ws@bps.go.id', NULL, '92820', '6404'),
('340056685', '199006022014102001', '', 'Nindya Putri Sulistyowati', 'SST', 'nindyaputri@bps.go.id', '340056685.jpg', '92820', '0000'),
('340056719', '199107132014101001', '', 'Yudha Satia Isnanta', 'S.S.T.', 'yudhasi@bps.go.id', NULL, '92860', '6403'),
('340056741', '199106062014102001', '', 'Nella Indriani', 'SST', 'nella.indriani@bps.go.id', NULL, '92840', '6471'),
('340056855', '199109012014102001', '', 'Maspupah', 'SST', 'maspupah@bps.go.id', '340056855.jpg', '92820', '6401'),
('340056962', '199108022014101001', '', 'Ilham Rizky Muharam', 'SST', 'Ilham@bps.go.id', '340056962.jpg', '92410', '6000'),
('340057085', '199210312014122001', '', 'Hergias Widityasari', 'S.S.T.', 'hergias.widi@bps.go.id', NULL, '92860', '6000'),
('340057129', '199205032014122001', '', 'Mega Safira Aulia', ' SST', 'megasafira@bps.go.id', NULL, '92820', '6405'),
('340057134', '199208092014121001', '', 'Mohamad Syahrul Muharom', 'SST', 'syahrul.muharom@bps.go.id', NULL, '92840', '6503'),
('340057163', '199305072014122001', '', 'Nindia Indri Dirmayanti', 'SST', 'nindia@bps.go.id', '340057163.jpg', '92520', '6000'),
('340057178', '199203122014122001', '', 'Pipit Irawiriadi', 'SST', 'pipit.irawiriadi@bps.go.id ', NULL, '92860', '6405'),
('340057207', '199112052014122001', '', 'Shindy Nilasari', 'SST', 'shindy.nilasari@bps.go.id', NULL, '92840', '6472'),
('340057271', '199303232016021001', '', 'Akbar Darmawan ', 'SST', 'Akbar@bps.go.id', '340057271.jpg', '92150', '6400'),
('340057273', '199311052016021001', '', ' Akhmad Iskandar Zulkarnain', 'SST', 'akhmad.zulkarnain@bps.go.id', NULL, '92310', '6000'),
('340057276', '199311062016022001', '', 'Alifia Nidya Hapsari', 'SST', 'alifia.hapsari@bps.go.id', NULL, '92810', '6503'),
('340057292', '199307102016022001', '', 'Annisa Yuli Pratiwi', 'SST', 'annisa.yuli@bps.go.id', NULL, '92860', '6501'),
('340057309', '199401282016021001', '', 'Aviv Alvian Nur', 'SST', 'aviv.alvian@bps.go.id', NULL, '92850', '6471'),
('340057333', '199312182016022001', '', 'Defanny Artha Milasari', 'SST', 'defanny.artha@bps.go.id', NULL, '92320', '6000'),
('340057340', '199309242016022001', '', 'Dewi Puspita Sari', 'SST', 'dewipuspita@bps.go.id', NULL, '92820', '6000'),
('340057377', '199310072016022001', '', ' Fania Pratiwi', 'SST', 'fania.pratiwi@bps.go.id', '340057377.jpg', '92820', '6403'),
('340057392', '199310052016022001', '', 'FRISKA S', 'SST', 'friska.sitorus@bps.go.id', '340057392.jpg', '99999', '0000'),
('340057400', '199310012016021001', '', 'Haidir Magribi', 'SST', 'haidir.magribi@bps.go.id', '340057400.jpg', '92610', '6400'),
('340057424', '199011232016021001', '', 'Idrus Efendy', 'SST', 'idrus.efendy@bps.go.id', '340057424.jpg', '92860', '6403'),
('340057427', '199205222016021001', '', 'Imansyah', 'S.S.T', 'imansy@bps.go.id', NULL, '92840', '6504'),
('340057428', '199308112016022001', '', 'Indah Noor Safrida', 'SST', 'indah.safrida@bps.go.id', '340057428.JPG', '92830', '0000'),
('340057462', '199306252016022001', '', 'Leila Husna', 'SST', 'leila@bps.go.id', '340057462.jpg', '92860', '6000'),
('340057479', '199401262016022001', '', 'Maryama Yuyinatun Mahmudah', 'SST', 'maryama.yuyinatun@bps.go.id', '340057479.jpg', '92840', '6403'),
('340057481', '199303312016022002', '', 'Mega Thursina', 'SST', 'mega.thursina@bps.go.id', NULL, '92820', '6471'),
('340057486', '199303132016022001', '', 'Miftahul Jannah', 'S.ST', 'miftahul.jannah@bps.go.id', NULL, '92820', '6402'),
('340057492', '199402252016022001', '', 'Monalisa Sipahutar', 'SST', 'monalisa@bps.go.id', '340057492.jpg', '92620', '6000'),
('340057529', '199212152016022001', '', 'Nurine Kristy', 'S.S.T.', 'nurine.kristy@bps.go.id', NULL, '92850', '6000'),
('340057531', '199307032016022001', '', 'Nurul Lia Sinta Dewi', 'S.S.T', 'sintadewi@bps.go.id', NULL, '92850', '6504'),
('340057536', '199307212016021001', '', 'Prima Agatha Yunioro Tahapary', 'SST', 'prima.tahapary@bps.go.id', NULL, '92630', '6400'),
('340057554', '199303102016022001', '', 'Rezaneri Noer Fitrianasari', ' SST', 'rezaneri.noer@bps.go.id', NULL, '92840', '6404'),
('340057561', '199306282016022002', '', 'Risna Yuliani', 'S.S.T', 'risna.yuliani@bps.go.id', NULL, '92840', '6504'),
('340057568', '199312132016022001', '', 'Rizky Amalia Nugraheni', 'SST', 'rizky.nugraheni@bps.go.id', '340057568.jpg', '92820', '6000'),
('340057597', '199110232016022001', '', 'Siti Barokatun Solihah', 'SST', 'siti@bps.go.id', '340057597.jpg', '92110', '6000'),
('340057601', '199211302016022001', '', 'Sri Sundari', 'SST', 'srisundari@bps.go.id', '340057601.jpg', '92840', '6000'),
('340057602', '199309012016022001', '', 'Stephani Magdhalena ', 'SST', 'stephani.magdhalena@bps.go.id', NULL, '92860', '6000'),
('340057606', '199307082016022001', '', 'Sundari', 'SST', 'sundar@bps.go.id', NULL, '92830', '6503'),
('340057620', '199302162016022001', '', 'Tiya Mitasari', 'SST', 'tiya.mitasari@bps.go.id', '340057620.jpg', '92850', '0000'),
('340057622', '199310262016021001', '', 'Toto Surya Perdana', 'S.ST', 'toto.surya@bps.go.id', '340057622.jpg', '92850', '6402'),
('340057628', '199303032016022002', '', 'Uci Yumanda Rizki', 'SST', 'uci.yumanda@bps.go.id', '340057628.jpg', '92850', '6401'),
('340057674', '199403132017012001', '', 'Shery Mardiyah', 'SST', 'shery.mardiyah@bps.go.id', NULL, '92850', '6474'),
('340057750', '199309212017012001', '', 'Ade Rahmah Nurhidayah', 'SST', 'ade.nurhidayah@bps.go.id', '340057750.jpg', '92840', '6403'),
('340057864', '199407282017011001', '', 'Cahyo Wibowo', 'S.ST', 'cahyo.wibowo@bps.go.id', '340057864.jpg', '92820', '6402'),
('340057865', '199312172017011001', '', 'Didit Puji Hariyanto', 'SST', 'didit.hariyanto@bps.go.id', '340057865.png', '92860', '6402'),
('340057867', '199511262017012001', '', 'Fildzah Nahdah Qisthina', 'S.ST', 'fildzah.qisthina@bps.go.id', '340057867.jpg', '92840', '6402'),
('340057869', '199407102017011001', '', 'Markus Eko C.P. Malau', 'S.ST', 'markus.malau@bps.go.id', '340057869.jpg', '92830', '6402'),
('340057870', '199307062017011001', '', 'Muhammad Nurul Alam Hasyim', 'SST', 'nurul.hasyim@bps.go.id', NULL, '92820', '6503'),
('340057872', '199403272017011001', '', 'Rizki Eka Maharsa', 'S.S.T.', 'rizki.maharsa@bps.go.id', NULL, '92830', '6474'),
('340057873', '199403242017012001', '', 'Shafira Murni ', 'SST', 'shafira.murni@bps.go.id', NULL, '92850', '6404'),
('340057874', '199410182017012001', '', 'Ukhti Winar Setyaningrum', 'S.ST', 'ukhti.setyaningrum@bps.go.id', '340057874.jpg', '92220', '6400'),
('340057875', '199310092017122001', '', 'Yeni Suryati', 'SST', 'yeni.suryati@bps.go.id', NULL, '92850', '6503'),
('340057965', '199504242017011002', '', 'Ari Setyanto', 'SST', 'ari.styt@bps.go.id', NULL, '92860', '6404'),
('340058114', '199006182013112001', '', 'ALDI FAUZAN AKBAR', '', 'aldi.fauzan@bps.go.id', '340058114.jpg', '92110', '6400'),
('340058116', '199610142018022001', '', 'Yosi Octaviani Simanjuntak', 'SST', 'yosi.octaviani@bps.go.id', '340058116.jpg', '92520', '6400'),
('340058127', '199502232018022002', '', 'Amelia Safitri', 'SST', 'amelia.safitri@bps.go.id', '340058127.jpg', '92860', '6401'),
('340058143', '199501062018022001', '', 'Annisa Kusumasari', 'SST', 'annisa.kusumasari@bps.go.id', '340058143.jpg', '92830', '6000'),
('340058157', '199604202018022001', '', ' Arinta Calista Devina', 'SST', 'arinta.calista@bps.go.id', NULL, '92860', '6472'),
('340058194', '199501132018022001', '', 'DEJA FIRDA LUPITASARI', 'SST', 'deja@bps.go.id', '340058194.jpg', '92210', '6400'),
('340058201', '199501032018022001', '', 'Desy Indah Permata Sari', 'SST', 'desy.indah@bps.go.id', NULL, '92230', '6400'),
('340058208', '199609112018022001', '', 'Dewi Kusuma Hartati', 'SST', 'dewi.kusuma@bps.go.id', NULL, '92860', '6503'),
('340058219', '199505062018021001', '', 'Dimas Irwandy Datjing', 'SST', 'dimas.irwandy@bps.go.id', NULL, '92830', '6405'),
('340058235', '199505272018022001', '', 'Emy Nuryana Dewi', ' SST', 'emy.nuryana@bps.go.id', NULL, '92830', '6404'),
('340058292', '199510162018022002', '', 'Inas Labibah Asahy', 'SST', 'inas.labibah@bps.go.id', NULL, '92820', '6503'),
('340058337', '199504062018022001', '', ' Maria Andhini Resiana', 'SST', 'maria.andhini@bps.go.id', NULL, '92830', '6471'),
('340058384', '199510112018021001', '', 'Muhammad Ricky Pranata', 'SST', 'ricky.pranata@bps.go.id', '340058384.jpg', '92630', '6400'),
('340058388', '199504152018021001', '', 'Muhammad Tanzir', 'S.S.T', 'm.tanzir@bps.go.id', NULL, '92820', '6504'),
('340058476', '199411252018022001', '', 'Rozanah Cahya Kurniawati', 'SST', 'rozanah.cahya@bps.go.id', '340058476.jpg', '92840', '6472'),
('340058527', '199504192018022001', '', 'Wenny Sulastri Kusumawati', 'SST', 'wenny.sulastri@bps.go.id', NULL, '92840', '6503'),
('340058536', '199509112018021001', '', 'Yogi Purjayanto ', 'SST', 'yogi.purjayanto@bps.go.id', NULL, '92420', '6400'),
('340058562', '199511282019011001', '', 'Aditya Wisnu Anggara ', 'S.Tr.Stat', 'aditya.wisnu@bps.go.id', NULL, '92510', '6400'),
('340058576', '199701012019011001', '', 'Al Birra Syaiful Abidin ', 'S.Tr.Stat.', 'syaiful.abidin@bps.go.id', '340058576.jpg', '92830', '6402'),
('340058597', '199612102019011003', '', 'Anggoro Widyapuji Putro', 'S.Tr.Stat', 'anggorow@bps.go.id', '340058597.jpg', '92830', '6403'),
('340058598', '199605062019012004', '', 'Anggun Mutiara Isnein', 'S.Tr.Stat', 'anggun.mutiara@bps.go.id', '340058598.jpg', '92850', '6471'),
('340058675', '199609102019012001', '', 'Dewi Intansari', 'S.Tr.Stat.', '	dewi.intansari@bps.go.id', '340058675.jpg', '92850', '6403'),
('340058706', '199508142019012002', '', 'Ema Fadlilah ', 'S.Tr.Stat.', 'ema.fadlilah@bps.go.id', NULL, '92110', '6400'),
('340058728', '199504252019012003', '', 'Fatma Nur Aini', 'S.Tr.Stat', 'fatma.nur@bps.go.id', NULL, '92820', '6404'),
('340058750', '199509052019012001', '', 'Githa Nia Br Ginting', 'S.Tr.Stat.', 'githa.nia@bps.go.id', NULL, '92800', '6503'),
('340058757', '199712312019012001', '', 'HANIF WULANDARI ROMADHONIA IBRAHIM S', 'Tr.Stat.', 'wulandarihanif@bps.go.id', '340058757.jpg', '92850', '6409'),
('340058818', '199709012019012001', '', 'Maftukhatul Qomariyah Virati ', 'S.Tr.Stat.', 'virati@bps.go.id', '340058818.jpg', '92860', '6402'),
('340058821', '199608222019012001', '', 'Maria Dara Metasari', 'S.Tr.Stat.', 'metasari@bps.go.id', '340058821.jpg', '92820', '6403'),
('340058829', '199702032019012001', '', 'MEGA FITRIA TRISNASARI S', 'Tr.Stat.', 'mega.fitria@bps.go.id', '340058829.jpg', '92820', '6409'),
('340058848', '199609122019011001', '', 'Muhammad Abdul Majid', 'S.Tr.Stat', 'abdul.majid@bps.go.id', NULL, '92310', '6400'),
('340058902', '199510082019012001', '', 'Octarina Nuria Salsabila ', 'S.Tr.Stat.', 'octarina.nuria@bps.go.id', NULL, '92820', '6474'),
('340058929', '199608112019012001', '', 'Rakhma Nurhidayati ', 'S.Tr.Stat.', 'imrachma@bps.go.id', '340058929.jpg', '92840', '6402'),
('340058956', '199507302019011001', '', 'Rizky Farham Abdillah', 'S.Tr.Stat', 'rizky.farham@bps.go.id', NULL, '92410', '6400'),
('340058961', '199509162019012002', '', 'Rohmah Afifah', 'S.Tr.Stat.', 'rohmah.afifah@bps.go.id', NULL, '92860', '6000'),
('340058969', '199603142019011002', '', ' Saidinur ', 'S.Tr.Stat.', 'saidinur@bps.go.id', NULL, '92810', '6401'),
('340058973', '199711152019011001', '', 'SANJAYA ABDILLAH KARIM S.', 'Tr.Stat.', 's.karim@bps.go.id', '340058973.jpg', '92860', '6409'),
('340058984', '199604152019012001', '', 'Siti Badriyah', 'S.Tr.Stat.', 'badriyah.siti@bps.go.id', NULL, '92800', '6503'),
('340058994', '199708022019011002', '', 'Stevanus Ronaldo', 'S.Tr.Stat', 'stevanus.ronaldo@bps.go.id', NULL, '92800', '6503'),
('340059004', '199604082019012001', '', 'Tania Viona Sirait ', 'S.Tr.Stat.', 'viona@bps.go.id', NULL, '92840', '6474'),
('340059015', '199609222019012001', '', 'Vanny Septiana Larasanti', 'S.Tr.Stat.', 'vanny.septiana@bps.go.id', NULL, '92840', '6471'),
('340059029', '199604292019011001', '', 'Willy Onesimus Siagian ', 'S.Tr.Stat.', 'onesimus@bps.go.id', NULL, '92830', '6401'),
('340059031', '199704262019012001', '', 'Wirda Avie Nurizza ', 'S.Tr.Stat.', 'wirdavienza@bps.go.id', NULL, '92850', '6401'),
('340059033', '199606172019012001', '', 'Yessie Mathahardy Palupi', 'S.Tr.Stat', 'yessiemp@bps.go.id', NULL, '92820', '6471'),
('340059036', '199502112019012003', '', 'Yovita Insan Perwita Utami ', 'S.Tr.Stat.', 'yovita.insan@bps.go.id', NULL, '92820', '6472'),
('340059264', '199009092019031001', '', 'Arif Syariffuddin', 'S.Si', 'arif_ca17@yahoo.com', NULL, '92140', '6400'),
('340059265', '199109202019032001', '', 'Cristine Uli Arta ', 'S.Si.', 'cristinesiahaan09@gmail.com', NULL, '92130', '6400'),
('340059266', '199301092019032001', '', 'Deasi Rahmawati', 'S.Si', 'deasi.rahmawati@bps.go.id', NULL, '92530', '6000'),
('340059267', '199112082019032002', '', 'Desi Purwanti', 'S.Si.', 'desi.purwanti@bps.go.id', '340059267.jpg', '92130', '6400'),
('340059268', '199311302019031001', '', 'Muhammad Suryanata', 'S.Si', 'muhammad.suryanata@bps.go.id', NULL, '92530', '6400'),
('340059269', '199510222019032001', '', 'OKTRI MAYASARI', 'S.Si.', 'oktri@bps.go.id', NULL, '92810', '6409'),
('340059270', '199609182019032002', '', 'Sebrinda Gina Tandi Datu ', 'S.Stat', 'sebrinda.datu@bps.go.id', '340059270.jpg', '92120', '6400'),
('340059368', '199611112019121002', '', 'Adin Nugroho', 'S.Tr.Stat.', 'adin.nugroho@bps.go.id', '340059368.jpg', '92840', '6402'),
('340059388', '199909172019122001', '', 'Ainun Mardhiah', '', 'ainundhiah17@gmail.com', '340059388.jpg', '92310', '6400'),
('340059464', '199707162019122001', '', 'Della Nabiela', 'S.Tr.Stat.', 'della.nabiela@bps.go.id', NULL, '92860', '6474'),
('340059477', '199705032019121001', '', 'Dhyandra Raka Prawira', 'S.Tr.Stat', 'raka.prawira@bps.go.id', '340059477.jpg', '92820', '6401'),
('340059485', '199708272019122001', '', 'Dina Indira Triadana Kusuma', 'S.Tr.Stat', 'indi.kusuma@bps.go.id', '340059485.jpg', '92830', '6401'),
('340059566', '199706152019122001', '', 'IRDINA JUNAIDA', 'Tr.Stat.', 'ir.junaida@bps.go.id', NULL, '92820', '6409'),
('340059591', '199801032019122001', '', 'Khusnul Chotimah', 'S.Tr.Stat.', 'khusnul.chotimah@bps.go.id', NULL, '92850', '6404'),
('340059651', '199705082019121001', '', 'Muhammad Rizki Yudistira', 'S.Tr.Stat', 'mr.yudistira@bps.go.id', NULL, '92830', '6405'),
('340059662', '199705222019121001', '', 'Nahar Ridlo Nasrullah', 'S.Tr.Stat', 'nahar.nasrullah@bps.go.id', '340059662.jpg', '92860', '6471'),
('340059668', '199711032019122001', '', 'Naura Vedilia Nugraheni', 'S.Tr.Stat.', 'naura.vedilia@bps.go.id', NULL, '92850', '6474'),
('340059757', '199704152019122001', '', 'Ryna Restuningtyas', 'S.Tr.Stat.', 'ryna.tyas@bps.go.id', '340059757.jpg', '92820', '6402'),
('340059782', '199708062019122001', '', 'Sofida Kusuma Dewi', 'S.Tr.Stat', 'sofida.dewi@bps.go.id', NULL, '92820', '6405'),
('340059790', '199701082019122001', '', 'TYAS TITI HAPSARI', 'S.Tr.Stat.', 'tyas.hapsari@bps.go.id', '340059790.jpg', '92830', '6409'),
('340059811', '199609232019122001', '', 'Winda Luvi Saputri', 'S.Tr.Stat', 'winda.luvi', '340059811.jpg', '92850', '6472'),
('340059967', '199811222021041001', '', 'Ahmad Attaroqqi', 'S.Tr.Stat.', 'ahmad.attaroqqi@bps.go.id', NULL, '92860', '6404'),
('340059976', '199801132021042001', '', 'AISYAH KHOIRUNNISA ', 'S.Tr.Stat.', 'aisyah.khoirunnisa@bps.go.id', NULL, '92820', '6409'),
('340059989', '199808092021042001', '', 'Elvina Candra Urbaningrum', 'S.Tr.Stat', 'elvinacarum0924@gmail.com', NULL, '92820', '6405'),
('340060002', '199812302021042001', '', 'Anisya Putri Wirahma', 'S.Tr.Stat.', 'anisya.putri@bps.go.id', NULL, '92820', '6471'),
('340060005', '199604242021042001', '', 'APRILIA KARTIK CANDRA', 'S.Tr.Stat.', 'aprilia.candra.go.id', NULL, '92850', '6409'),
('340060012', '199809192021041002', '', 'Arif Rahman Hakim', 'S.Tr.Stat.', 'arif.hakim@bps.go.id', NULL, '92860', '6474'),
('340060019', '199711152021042001', '', 'Aulia Maghfira', 'S.Tr.Stat', 'aulia.maghfira@bps.go.id', NULL, '92610', '6400'),
('340060023', '199804012021041001', '', 'Ayufi Reyza Zakaria', 'S.Tr.Stat.', 'ayufi.reyza@bps.go.id', NULL, '92830', '6404'),
('340060050', '199706102021042001', '', 'Diah Rukmana Sari', 'S.Tr.Stat.', 'diah.rukmana@bps.go.id', NULL, '92840', '6474'),
('340060053', '199801052021041001', '', 'Dimas Nur Ramadhani', 'S.Tr.Stat.', 'nur.ramadhani@bps.go.id', NULL, '92830', '6471'),
('340060071', '199801142021041001', '', 'Alvian ferrandy', 'S.Tr.Stat', 'alvianf90@gmail.com', NULL, '92850', '6405'),
('340060103', '199708302021042001', '', 'Fenny Dwi Rahmasari', 'S.Tr.Stat.', 'dwi.rahmasari@bps.go.id', NULL, '92820', '6404'),
('340060127', '199806022021042002', '', 'Hanifa Azzahra', 'S.Tr.Stat.', 'hanifa.azzahra@bps.go.id', NULL, '92850', '6402'),
('340060158', '199710272021042001', '', 'Ita Fathimatuz Zahro', 'S.Tr.Stat.', 'ita.zahro@bps.go.id', NULL, '92830', '6474'),
('340060210', '199708012021041001', '', 'Muhammad Adib Tamtama', 'S.Tr.Stat', 'adib@bps.go.id', NULL, '92860', '6401'),
('340060227', '199801152021041001', '', 'Muhammad Rafi Ramadhan', 'S.Tr.Stat.', 'rafi.ramadhan@bps.go.id', NULL, '92840', '6403'),
('340060239', '199812172021042001', '', 'Nabila Widiastuti', 'S.Tr.Stat.', 'nabila.widiastuti@bps.go.id', NULL, '92820', '6474'),
('340060266', '199803052021042001', '', 'Ovilia Vebi Amida', 'S.Tr.Stat.', 'ovilia.vebi@bps.go.id', NULL, '92820', '6404'),
('340060275', '199712252021042002', '', 'Putri Dita Wingsanti', 'S.Tr.Stat.', 'dita.wingsanti@bps.go.id', NULL, '92820', '6402'),
('340060296', '199901182021041001', '', 'Rivaldo Mubarak', 'S.Tr.Stat.', 'rivaldo.mubarak@bps.go.id', NULL, '92820', '6474'),
('340060309', '199804122021042001', '', 'Sahara Citra Kharisma', 'S.Tr.Stat.', 'sahara.citra@bps.go.id', NULL, '92830', '6403'),
('340060321', '199711062021042001', '', 'Shoviatamara', 'S.Tr.Stat', 'shovia@bps.go.id', NULL, '92840', '6401'),
('340060334', '199802032021041001', '', 'Syamsul Maarif', 'S.Tr.Stat', 'syamsulmrf32@gmail.com', NULL, '92840', '6405'),
('340060355', '199712022021041001', '', 'Yolian Munayif Hibatullah', 'S.Tr.Stat.', 'yolian.hibatullah@bps.go.id', NULL, '92860', '6402'),
('340060360', '199808142021041001', '', 'Yusuf Fuadi', 'S.Tr.Stat.', 'yusuf.fuadi@bps.go.id', NULL, '92820', '6474'),
('340060382', '199911042021042001', '', 'Arina Rusyda', 'A.Md.Stat', 'arinarusyda4@gmail.com', NULL, '92860', '6405'),
('340060410', '199901202021042001', '', 'Maura Lovieta Jean Laurensia', 'A.Md.Stat', 'maura.jean@bps.go.id', NULL, '92810', '6404'),
('560000009', '198303212010012020', '', 'Sri Yulani Adam', 'SE', 'yuyun.adam@bps.go.id', NULL, '92830', '6471'),
('960000446', '198206292008032002', '', ' Retno Ramadhani', 'S.Kom', 'retnoramadhani@bps.go.id', NULL, '92860', '6471');

--
-- Indexes for dumped tables
--

--
-- Indexes for table `autentifikasi`
--
ALTER TABLE `autentifikasi`
  ADD PRIMARY KEY (`niplama`),
  ADD UNIQUE KEY `username` (`username`);

--
-- Indexes for table `master_org`
--
ALTER TABLE `master_org`
  ADD PRIMARY KEY (`id_org`);

--
-- Indexes for table `master_pegawai`
--
ALTER TABLE `master_pegawai`
  ADD PRIMARY KEY (`niplama`);
COMMIT;

/*!40101 SET CHARACTER_SET_CLIENT=@OLD_CHARACTER_SET_CLIENT */;
/*!40101 SET CHARACTER_SET_RESULTS=@OLD_CHARACTER_SET_RESULTS */;
/*!40101 SET COLLATION_CONNECTION=@OLD_COLLATION_CONNECTION */;
